,g__Porphyromonas,g__Akkermansia,g__Coprococcus,g__Treponema,g__Streptococcus,g__Pseudoalteromonas,g__Fusobacterium,g__Staphylococcus,g__Actinomyces,g__Catonella,g__Neisseria,g__Leptotrichia,g__Bacillus,g__Lactococcus,g__Mobiluncus,g__Aerococcus,g__Dialister,g__Corynebacterium,g__Acinetobacter,g__Pseudomonas,g__Lactobacillus,g__Enterococcus,g__Kingella,g__Mannheimia,g__Bifidobacterium,g__Moraxella,g__Peptococcus,g__Mycobacterium,g__Sneathia,g__Haemophilus,g__Capnocytophaga,g__Conchiformibius,g__Prevotella,g__Anaerostipes,g__Acidaminococcus,g__Aggregatibacter,g__Rothia,g__Veillonella,g__Bacteroides,g__Lautropia,g__Kocuria,g__Shuttleworthia,g__Granulicatella,g__Tannerella,g__Megasphaera,g__Schwartzia,g__Geobacillus,g__Dorea,g__Campylobacter,g__Oribacterium,g__Ruminococcus,g__Acholeplasma,g__Actinobacillus,g__Atopobium,g__Parvimonas,g__Vagococcus,g__Pasteurella,g__Thauera,g__Erwinia,g__Scardovia,g__Gallibacterium,g__Anaerococcus,g__Butyrivibrio,g__Thermus,g__Alloscardovia,g__Peptostreptococcus,g__Bulleidia,g__Paludibacter,g__Desulfobulbus,g__Sharpea,g__Clostridium,g__Mogibacterium,g__Chelonobacter,g__Slackia,g__Selenomonas,g__Tetragenococcus,g__Gemella,g__Mycoplasma,g__Peptoniphilus,g__Serratia,g__Arcanobacterium,g__Lonepinella,g__Blautia,g__Micrococcus,g__Streptobacillus,g__Halomonas,g__Filifactor,g__Necropsobacter,g__Cardiobacterium,g__Eikenella,g__Arthrobacter,g__Cloacibacterium,g__Anaerovorax,g__Chryseobacterium,g__Listeria,g__Pedobacter,g__Bergeriella,g__Enterobacter
11808.3069.SALB.W2V1,714,0,0,22,967,0,284,0,78,9,811,54,2,0,0,0,5,2,0,0,0,0,19,0,0,0,0,0,0,11471,35,0,1667,0,0,146,558,661,0,62,0,0,94,4,4,6,0,0,41,8,0,0,12,2,3,0,0,0,0,0,0,0,0,0,0,0,6,0,0,1,0,1,0,0,26,0,0,3,0,0,0,0,0,0,0,0,3,2,8,0,0,0,0,0,16,0,3,0
11808.3137.SALB.W2V1,121,0,0,3,1575,0,185,0,465,0,450,319,3,0,0,0,0,33,0,0,0,1,11,0,0,0,0,0,0,1824,14,1,1684,0,0,269,364,555,0,27,0,0,73,5,13,0,0,0,13,12,0,0,1,1,3,0,0,0,0,2,0,0,0,0,0,0,8,0,0,0,0,1,0,0,29,0,0,0,0,0,0,0,0,0,0,0,0,0,2,0,0,0,0,0,0,0,1,0
11808.3160.SALB.W2V1,560,0,0,34,1349,0,1037,0,277,10,77,516,0,0,0,0,1,24,0,0,0,6,19,0,0,0,0,0,0,2427,275,0,2241,0,0,49,138,687,0,20,0,0,198,23,20,0,0,0,204,210,0,0,2,14,3,1,0,0,0,0,0,0,4,0,0,0,9,0,0,0,0,0,0,0,53,0,1,1,0,0,0,0,0,0,0,0,0,0,9,1,0,0,0,0,2,0,1,0
11808.3182.SALB.W2V1,68,0,0,51,2768,0,103,0,374,9,108,103,0,0,0,0,4,38,0,1,0,1,16,0,3,0,4,0,0,15736,44,0,528,0,0,2152,947,906,0,1,0,2,102,11,2,1,0,0,56,52,0,0,10,1,1,2,0,0,0,4,0,0,6,0,0,0,0,18,0,0,0,3,1,0,47,0,0,0,0,0,0,0,0,0,0,0,4,0,2,1,0,0,0,0,3,0,0,0
11808.3193.SALB.W2V1,74,0,0,29,1223,0,118,0,465,8,47,45,0,4,0,0,10,43,0,0,0,1,7,0,0,0,1,0,0,11970,19,0,1384,0,0,107,445,2736,0,17,0,0,68,6,26,1,0,0,63,31,0,0,23,8,10,0,0,0,0,0,0,0,0,0,0,0,2,1,1,0,0,5,0,0,10,0,0,2,0,0,0,0,0,0,0,0,5,0,4,0,0,0,0,0,1,0,0,0
11808.3216.SALB.W2V1,10,0,0,5,500,0,31,0,77,2,264,4,0,0,0,0,4,23,0,0,0,1,3,0,0,0,0,0,0,6098,25,1,10895,0,0,249,70,1268,0,14,0,1,28,1,44,0,0,0,30,9,0,0,2,8,1,0,0,0,0,0,0,0,0,7,0,0,4,3,0,0,0,0,0,0,45,0,0,0,0,0,0,0,0,0,0,0,0,0,0,0,0,0,0,0,0,0,1,0
11808.3261.SALB.W2V1,751,0,0,429,3382,0,889,0,496,27,122,332,1,0,0,0,58,39,0,0,1,3,11,0,4,0,2,0,0,7034,38,0,14541,0,0,654,478,3294,1,6,0,5,253,24,208,23,0,0,322,123,1,0,192,90,9,1,0,0,0,3,0,1,3,0,6,0,31,10,3,8,0,28,0,2,200,0,0,2,0,0,0,0,0,0,0,0,18,0,9,0,0,0,0,0,6,0,0,0
11808.3418.SALB.W2V1,356,0,0,184,6841,0,501,1,287,4,26,848,1,1,0,0,61,228,0,0,2,1,54,0,5,0,2,0,0,2135,112,0,12099,0,0,458,340,4404,0,112,0,13,138,30,147,3,0,0,167,68,2,0,28,70,18,0,0,0,0,23,0,0,3,0,115,0,16,3,0,0,0,9,1,0,700,0,0,11,0,0,0,0,0,0,0,0,12,0,17,0,0,0,0,0,3,0,0,0
11808.3452.SALB.W2V1,132,0,0,0,1102,0,145,0,363,15,270,230,3,0,0,0,8,17,0,0,0,2,10,0,5,0,0,0,0,3598,35,0,12548,0,0,95,255,5022,0,59,0,0,132,0,649,0,0,0,256,167,0,0,8,178,0,1,0,0,0,0,0,0,7,0,0,0,75,0,0,0,0,13,0,0,284,0,0,0,0,0,0,0,0,0,0,0,0,0,10,0,0,0,0,0,5,0,0,0
11808.3474.SALB.W2V1,30,0,0,6,1714,0,20,0,145,2,10,59,0,0,0,0,0,7,0,0,0,3,5,0,9,0,0,0,0,4076,9,0,10354,0,0,102,172,2608,0,3,0,0,58,0,77,2,0,0,48,40,0,1,13,22,2,1,0,0,0,0,0,0,0,0,1,0,8,0,0,0,0,4,0,0,29,0,0,0,0,0,0,0,0,0,0,0,2,0,0,0,0,0,0,0,0,0,0,0
11808.3496.SALB.W2V1,4296,0,0,249,970,0,2004,0,307,26,945,570,0,0,0,0,28,38,0,0,0,2,35,0,0,0,2,0,0,6805,233,1,9523,0,0,1031,336,1857,3,264,0,3,108,15,34,14,0,0,282,141,0,1,7,18,20,2,0,1,0,4,0,0,4,0,0,1,30,6,0,0,0,19,0,0,53,0,0,10,0,0,4,0,0,0,35,0,11,3,11,0,0,0,0,0,1,0,3,0
11808.3519.SALB.W2V1,617,0,0,6,1951,1,353,0,241,5,395,198,1,1,0,0,2,22,4,2,1,0,34,0,1,0,0,0,0,10821,139,0,3708,0,0,170,664,1547,0,99,0,0,203,13,20,0,0,0,56,57,0,0,58,6,1,0,0,0,0,0,0,0,0,0,0,0,3,3,0,0,0,3,1,1,14,0,0,5,0,0,0,0,0,0,0,0,5,0,6,0,0,1,0,1,4,0,0,0
11808.3542.SALB.W2V1,1130,0,0,30,2552,0,751,0,488,86,893,274,2,0,0,0,28,43,0,0,5,3,38,0,1,0,1,0,0,4081,46,0,4069,0,0,75,333,2445,0,245,0,1,272,11,82,6,0,0,297,293,0,0,8,14,34,2,0,0,0,0,0,0,11,1,0,0,26,19,0,0,0,9,0,0,73,0,0,1,0,0,0,0,0,0,0,0,1,28,32,0,0,0,0,0,7,0,2,0
11808.3553.SALB.W2V1,1226,0,0,22,805,0,353,1,73,4,390,152,1,0,0,0,1,6,0,0,0,1,11,0,0,0,3,0,0,10540,39,0,2708,0,0,608,41,548,3,52,0,0,51,8,0,1,1,0,32,46,0,0,27,2,20,0,0,0,0,0,1,0,1,0,0,0,11,0,0,0,0,2,2,0,17,0,0,2,0,0,0,0,0,0,0,0,6,7,1,0,0,0,1,0,0,0,1,0
11808.3609.SALB.W2V1,218,0,0,30,586,0,239,0,77,8,342,172,3,0,0,0,12,22,0,0,0,0,12,0,0,0,5,0,0,3905,26,0,9128,0,0,406,135,2054,0,16,0,0,29,5,7,7,0,0,28,29,0,0,33,3,4,1,0,0,0,0,1,0,1,0,1,0,5,5,0,0,0,4,0,0,42,0,0,2,0,0,0,0,0,0,0,0,0,0,6,0,0,0,0,0,0,0,0,0
11808.3610.SALB.W2V1,675,0,0,0,620,0,580,0,110,0,144,107,0,0,0,0,0,4,0,0,0,1,4,0,0,0,2,0,0,8414,122,1,540,0,0,136,74,270,0,29,0,0,26,1,2,2,0,0,15,45,0,0,32,1,14,0,0,0,0,0,0,0,0,0,0,0,3,0,0,0,0,0,0,0,0,0,0,0,0,0,0,0,0,0,0,0,0,0,10,0,0,0,0,0,1,0,6,0
11808.3632.SALB.W2V1,13,0,0,32,4590,0,104,0,1100,5,19,120,5,0,0,0,11,46,0,0,1,6,14,0,5,0,0,0,0,406,29,0,11491,0,0,26,726,5215,0,27,0,1,302,2,133,7,0,0,209,57,0,0,6,107,10,2,0,0,0,3,0,0,1,0,0,0,4,5,0,1,0,12,0,0,117,0,0,0,0,0,0,0,0,0,0,0,0,0,4,0,0,0,0,0,5,0,0,0
11808.3654.SALB.W2V1,236,0,0,16,936,0,421,0,133,22,195,127,4,0,0,0,4,18,0,0,0,0,42,0,0,0,1,0,0,10960,63,0,3921,0,0,286,129,3091,0,46,0,0,44,0,14,1,0,0,151,188,0,0,5,3,2,0,0,0,0,0,0,0,0,0,0,0,6,2,0,0,0,1,1,0,27,0,0,0,0,0,0,0,0,0,0,0,0,0,6,0,0,0,0,0,0,0,0,0
11808.3700.SALB.W2V1,458,0,0,188,1659,0,211,0,288,6,59,197,4,44,0,0,54,70,0,0,6,1,34,0,0,0,1,0,0,1910,66,0,10002,0,0,93,438,2773,1,7,0,1,176,11,220,25,0,0,235,39,0,0,1,20,8,2,0,0,0,18,0,1,0,0,0,0,15,8,0,0,0,2,0,2,124,0,0,1,0,0,0,0,0,0,0,0,7,0,15,1,0,0,0,0,0,0,0,0
11808.3812.SALB.W2V1,192,0,0,60,9034,0,249,5,858,3,17,109,4,0,0,0,15,196,0,0,0,8,19,0,0,0,2,0,0,9071,68,0,582,0,0,251,2530,1419,0,53,0,0,449,10,4,11,0,0,144,42,0,0,20,22,3,2,0,0,0,0,0,0,1,0,0,1,7,16,0,0,0,7,0,0,57,0,0,2,0,0,0,0,0,0,0,0,3,0,24,0,0,0,0,0,8,0,0,0
11808.3823.SALB.W2V1,1525,0,0,31,3266,1,368,0,455,34,134,137,5,0,0,0,7,46,0,0,0,5,43,0,0,0,0,0,0,6361,39,0,27389,0,0,108,955,4142,0,70,0,0,397,9,56,0,0,0,223,155,0,0,4,36,2,2,0,0,0,0,0,0,0,0,0,0,13,8,0,0,0,13,0,0,69,0,0,2,0,0,0,0,0,0,0,0,0,0,4,0,0,0,0,0,8,0,2,0
11808.3867.SALB.W2V1,317,0,0,12,1400,0,68,0,153,3,171,32,1,0,0,0,6,20,0,0,0,5,12,0,0,0,0,0,0,1834,14,0,11682,0,0,293,213,1863,0,11,0,0,104,3,56,0,0,0,31,28,0,0,12,24,3,0,0,0,0,0,0,0,0,0,0,0,8,1,0,0,0,3,0,0,13,0,0,1,0,0,0,0,0,0,0,0,2,0,4,0,0,0,0,0,1,0,0,0
11808.3878.SALB.W2V1,403,0,0,34,1998,0,441,0,695,16,147,507,3,1,0,0,42,153,0,0,1,2,117,0,0,0,1,0,0,9197,238,2,7382,0,0,571,216,12431,0,1199,0,1,136,21,204,3,0,0,188,66,0,0,7,33,5,0,0,0,0,3,0,0,4,0,0,0,26,0,0,0,0,8,1,0,200,0,0,0,0,0,0,0,0,0,0,0,3,0,8,0,0,0,0,0,1,0,0,0
11808.3889.SALB.W2V1,1414,0,0,31,1438,1,624,1,304,4,439,151,2,0,0,0,37,22,0,0,0,0,17,0,0,0,15,0,0,11855,41,3,6758,0,0,404,637,2514,0,48,0,0,61,8,38,1,0,0,75,84,0,0,11,13,90,0,1,0,0,0,1,0,0,0,0,0,11,3,0,0,0,3,0,0,21,0,1,9,0,0,0,0,0,0,0,0,4,0,5,1,0,0,0,0,1,0,1,0
11808.3957.SALB.W2V1,213,0,0,2,1370,0,20,0,153,2,1500,63,0,0,0,0,0,73,0,0,0,1,20,1,0,0,0,0,0,7672,60,3,2145,0,0,567,1334,658,0,25,0,0,70,1,1,0,17,0,57,12,0,0,172,0,0,0,0,0,0,0,0,0,0,0,0,0,2,0,0,1,0,0,0,0,8,1,0,0,0,0,0,0,0,0,0,0,0,6,3,0,0,0,0,0,0,0,0,0
11808.3968.SALB.W2V1,727,0,0,30,3879,0,307,1,86,10,483,245,2,0,0,0,1,99,0,0,0,3,12,0,0,0,0,0,0,7745,112,0,612,0,0,323,231,531,0,207,0,1,250,7,2,0,0,0,59,62,0,0,2,2,1,2,0,0,0,0,1,0,0,0,0,0,7,5,0,0,0,1,0,0,13,0,0,1,0,0,1,0,0,0,0,0,1,80,11,0,0,0,0,0,1,0,0,0
11808.3980.SALB.W2V1,2675,0,0,15,1483,1,995,1,110,19,1312,329,3,0,0,0,5,29,0,0,0,4,16,0,0,0,3,0,0,4708,172,4,1132,0,0,425,234,727,0,128,0,0,286,10,1,0,8,0,40,76,0,0,408,2,28,1,1,0,0,0,0,0,0,0,0,0,5,0,0,0,0,2,1,0,5,1,0,1,0,0,0,1,0,0,0,0,0,51,15,0,0,0,5,0,6,0,5,0
11808.3991.SALB.W2V1,411,0,0,62,4950,0,274,0,444,16,100,127,3,0,0,0,16,42,0,0,0,0,7,0,0,0,0,0,0,4025,25,0,2138,0,0,64,1433,3228,1,0,0,0,271,6,30,11,0,0,233,416,1,0,0,16,14,3,0,0,0,1,0,0,2,0,0,0,9,5,0,0,0,4,0,0,37,0,0,0,0,0,0,0,0,0,0,0,0,0,7,0,0,0,1,0,6,0,0,0
11808.4004.SALB.W2V1,3860,0,0,14,1093,0,2103,0,117,13,175,1088,0,0,0,0,5,6,0,0,0,3,24,0,0,0,1,0,0,5688,304,0,5759,0,0,132,144,2210,1,94,0,0,123,47,15,1,0,0,164,92,0,0,8,8,128,0,1,0,0,1,0,1,3,0,0,0,20,0,0,0,0,5,0,0,27,0,0,7,0,0,0,0,0,0,0,0,2,19,1,0,0,0,0,0,4,0,1,0
11808.4015.SALB.W2V1,164,1,0,214,4495,0,633,0,543,77,50,502,3,0,0,0,72,89,0,0,12,5,14,0,0,0,3,0,0,1134,52,0,8753,0,0,86,666,6523,3,55,0,12,261,18,95,22,0,1,308,189,0,17,13,92,27,0,0,0,0,6,0,0,3,0,0,0,50,20,0,2,0,14,0,0,220,0,0,21,0,0,0,0,0,0,0,0,19,0,11,1,0,0,0,0,5,0,0,0
11808.4026.SALB.W2V1,431,0,0,18,412,0,238,0,92,4,462,212,1,0,0,0,1,9,0,0,0,0,6,0,0,0,1,0,0,2115,57,0,700,0,0,261,42,491,0,70,0,0,21,3,1,2,0,0,15,23,0,0,77,0,34,0,0,0,0,0,0,0,0,0,0,0,2,2,0,0,0,1,0,0,10,0,0,1,0,0,0,0,0,0,0,0,1,12,2,0,0,0,1,0,0,0,3,0
11808.4037.SALB.W2V1,164,0,0,5,220,0,65,0,59,5,122,40,1,0,0,0,0,2,0,0,0,0,5,0,0,0,1,0,0,3907,23,0,3339,0,0,20,78,196,0,12,0,0,17,2,6,0,0,0,28,17,0,0,1,8,0,0,0,0,0,0,0,0,0,0,0,0,3,0,0,0,0,1,0,0,8,0,0,0,0,0,0,0,0,0,0,0,0,0,0,0,0,0,0,0,1,0,2,0
11808.4048.SALB.W2V1,669,0,0,131,1088,0,311,0,305,26,174,143,1,0,0,0,19,6,0,0,0,1,13,0,0,0,4,0,0,2018,19,0,9002,0,0,142,90,1604,0,9,0,1,82,5,145,2,0,0,84,123,3,38,23,40,27,0,0,0,0,0,1,0,2,0,0,0,36,0,0,3,0,10,0,2,53,0,0,5,0,0,0,1,0,0,0,0,7,5,1,4,0,0,0,0,1,0,0,0
11808.4060.SALB.W2V1,453,0,0,0,461,0,253,0,255,6,257,118,2,0,0,0,2,11,0,0,0,2,6,0,0,0,0,0,0,4640,49,0,2083,0,0,312,172,601,0,41,0,0,69,4,7,0,0,0,25,62,0,0,4,0,4,0,0,0,0,1,1,0,0,0,0,0,3,1,0,0,0,0,0,0,15,0,0,0,0,0,0,0,0,0,0,0,0,0,0,0,0,0,0,0,2,0,0,0
11808.4105.SALB.W2V1,2800,0,0,8,724,0,420,0,74,7,308,225,0,0,0,0,3,7,0,0,5,0,29,0,0,0,0,0,0,7921,63,0,5288,0,0,28,68,1478,0,55,0,2,71,2,28,0,0,0,122,63,0,0,971,16,0,0,0,0,0,0,1,0,0,0,0,0,16,0,0,0,0,13,0,0,9,0,0,2,0,0,0,0,0,0,0,0,1,0,0,0,0,0,0,0,1,0,0,0
11808.4161.SALB.W2V1,1236,0,0,424,1159,0,1386,0,115,18,218,188,0,0,0,0,59,5,1,0,0,0,23,0,0,0,0,0,0,4444,97,0,6707,0,0,907,36,1835,1,21,0,6,47,59,5,15,0,0,166,11,0,4,12,8,25,0,0,0,0,0,0,0,0,0,0,0,10,1,0,0,0,10,0,4,152,0,0,30,0,0,0,0,0,0,0,0,9,0,2,0,0,0,0,0,0,0,0,0
11808.4183.SALB.W2V1,389,0,0,40,1269,0,1266,0,565,36,294,495,2,0,0,0,13,24,0,0,0,1,5,0,0,0,15,0,0,3901,67,0,11842,0,0,616,192,2865,2,214,0,0,168,10,256,1,17,0,562,266,0,0,2,57,27,0,0,0,0,0,0,0,10,0,0,0,27,14,0,0,0,33,0,0,230,0,1,2,0,0,0,0,0,0,0,0,0,0,13,0,0,0,0,0,0,0,0,0
11808.4206.SALB.W2V1,777,0,0,23,1449,1,251,0,159,4,1678,53,3,0,0,0,6,26,0,0,0,1,5,0,0,0,2,0,0,15335,37,1,739,0,0,662,692,434,0,81,0,3,128,8,3,2,0,0,20,8,0,0,7,6,5,2,0,0,0,1,0,0,2,0,0,0,4,2,0,0,0,2,1,0,4,0,0,0,0,0,0,0,0,0,0,0,1,3,0,0,0,0,0,0,4,0,0,0
11808.4217.SALB.W2V1,325,0,0,133,2846,0,154,0,416,1,25,130,3,0,0,0,59,12,0,0,14,1,4,0,6,0,1,0,0,118,18,0,11562,0,0,54,932,4341,16,1,0,0,132,10,206,32,0,0,91,18,1,0,1,55,4,1,0,0,0,11,0,0,1,0,0,0,17,18,5,2,0,8,0,0,116,0,0,17,0,0,0,0,0,0,0,0,17,0,2,0,0,0,0,0,1,0,0,0
11808.4239.SALB.W2V1,314,0,0,2,4430,0,434,1,1392,36,53,305,3,0,17,0,17,52,3,0,0,7,93,0,1,0,0,0,0,2648,116,1,14779,0,0,101,306,5051,0,78,0,0,353,6,225,0,0,0,481,152,0,0,209,59,10,1,0,0,0,4,0,0,4,0,0,0,27,1,0,0,0,91,0,1,235,0,0,1,0,0,0,0,0,0,0,0,1,0,11,0,0,0,0,1,7,0,0,0
11808.4251.SALB.W2V1,205,4,0,4,919,0,100,0,340,3,1,42,1,0,0,0,3,10,0,0,3,1,5,0,0,0,0,0,0,7839,8,0,5901,0,0,66,292,2495,0,0,0,0,80,0,24,0,0,0,37,95,0,0,18,19,0,0,0,0,0,3,0,0,0,0,0,0,1,0,0,0,0,2,0,0,5,0,0,0,0,0,0,0,0,0,0,0,1,0,1,1,0,0,0,0,0,0,0,0
11808.4262.SALB.W2V1,1601,1,0,68,886,0,548,0,302,9,94,123,0,0,0,0,1,20,0,0,1,0,30,0,0,4,5,0,0,10275,73,0,7614,0,0,296,219,1576,4,47,0,0,47,5,2,0,0,0,73,122,0,0,390,2,1,3,1,0,0,0,0,0,3,0,0,0,18,3,0,0,0,5,0,0,37,0,0,1,0,0,0,0,0,0,0,0,0,15,10,0,0,0,21,0,2,0,4,0
11808.4273.SALB.W2V1,649,0,0,5,2913,0,274,1,371,11,655,120,2,0,0,0,0,119,0,0,1,3,50,0,0,0,2,0,0,20365,139,3,4840,0,0,959,430,2718,16,234,0,1,223,4,2,0,3,0,90,104,0,0,21,2,7,0,0,0,0,0,3,0,0,0,0,0,6,0,0,0,0,6,4,0,32,0,0,0,0,0,0,0,0,0,0,0,0,8,73,0,0,0,3,0,7,0,5,0
11808.4307.SALB.W2V1,4408,0,0,5,1239,0,779,0,536,23,24,313,2,0,3,0,7,22,0,0,0,1,6,0,0,0,3,0,0,8845,39,0,12365,0,0,131,319,3304,1,40,0,1,145,15,55,2,1,0,177,216,0,0,4,19,109,12,0,0,1,2,0,0,0,0,0,0,39,2,0,0,0,25,1,0,72,0,0,5,0,0,0,0,0,0,0,0,0,0,7,0,0,0,0,0,0,0,1,0
11808.4329.SALB.W2V1,162,8,0,128,11442,0,419,2,614,7,35,557,2,2,0,0,26,201,0,1,8,2,22,0,4,0,0,0,0,7680,138,0,1644,2,0,413,855,2214,0,17,0,0,334,22,19,21,1,0,208,89,0,0,44,11,14,0,0,0,0,1,0,0,0,0,1,0,5,6,0,0,0,0,0,0,151,0,0,2,0,0,0,0,0,0,0,0,3,0,5,0,0,0,0,0,8,0,0,0
11808.4419.SALB.W2V1,904,0,0,16,569,0,621,0,655,2,628,1963,0,0,0,0,2,53,0,0,18,1,19,0,0,0,0,0,0,3786,380,0,7220,0,0,1932,201,3229,0,107,0,0,30,63,16,17,0,0,21,119,0,0,0,21,14,0,0,0,0,0,0,0,0,0,0,0,4,29,0,0,0,25,1,0,213,0,0,10,0,0,0,0,0,0,0,0,13,0,31,0,0,0,0,0,0,0,1,0
11808.4420.SALB.W2V1,444,1,0,16,2232,1,614,0,337,2,68,193,0,0,0,0,26,69,0,0,7,2,42,0,0,0,0,0,0,15803,92,0,810,0,0,197,935,1434,0,133,0,1,256,3,24,1,0,0,83,47,0,0,12,21,0,3,0,0,0,8,0,0,0,0,0,0,6,0,0,0,0,8,0,0,42,0,1,0,0,0,0,0,0,0,0,0,0,57,3,0,0,0,0,0,2,0,1,0
11808.4442.SALB.W2V1,707,0,0,18,2455,0,1681,0,621,17,767,709,2,0,1,0,24,61,0,0,15,2,11,0,0,0,7,0,0,7943,510,5,3656,0,0,1115,278,2568,0,290,0,4,91,25,75,5,5,0,159,131,0,0,16,17,70,2,0,0,0,6,0,0,1,2,0,0,8,8,0,0,0,6,1,0,48,0,0,4,0,0,0,0,0,0,0,0,0,3,26,1,0,0,0,0,0,0,0,0
11808.4521.SALB.W2V1,331,0,0,60,1231,0,377,1,239,34,846,144,3,0,0,0,14,35,0,0,1,0,16,0,0,1,2,0,0,1926,50,0,15196,0,0,137,329,2977,0,58,0,6,114,14,190,9,0,0,260,90,0,0,1,26,3,0,0,0,0,0,0,0,2,0,0,0,28,9,0,0,0,3,0,1,123,0,0,2,0,0,0,0,0,0,0,0,1,0,0,0,0,0,0,0,2,0,3,0
11808.4532.SALB.W2V1,482,0,0,32,727,0,598,0,393,25,2930,297,3,0,1,0,23,67,0,1,8,1,12,0,0,0,2,0,0,4447,127,1,10189,0,0,760,169,2545,0,232,0,6,121,22,61,13,0,0,79,100,0,0,179,13,9,0,0,0,0,6,0,0,1,0,0,0,11,4,0,0,0,7,1,0,83,0,0,1,0,0,0,0,0,0,0,0,4,15,6,0,0,0,0,0,1,0,3,0
11808.4565.SALB.W2V1,163,0,0,18,8823,0,319,1,239,3,174,283,2,0,0,0,6,289,0,0,1,7,108,0,3,0,2,0,0,4006,201,0,2506,0,0,554,1585,1394,0,37,0,0,290,4,6,0,0,0,54,72,0,0,2,16,8,0,0,0,0,0,0,0,2,0,10,0,6,6,0,0,0,6,0,0,61,0,0,0,0,0,0,0,0,0,0,0,0,0,72,0,0,0,0,0,7,0,0,0
11808.4611.SALB.W2V1,888,0,0,7,1837,0,777,0,1137,23,231,722,2,0,1,0,3,28,0,0,0,4,52,0,0,0,5,0,0,7862,183,1,9723,0,0,371,528,5614,0,44,0,0,161,15,10,0,0,0,99,128,2,0,19,10,33,0,1,0,0,0,0,0,1,0,0,0,7,4,0,0,0,8,0,0,73,0,0,0,0,0,0,0,0,0,0,0,2,5,5,0,0,0,8,0,3,0,3,0
11808.4622.SALB.W2V1,186,0,0,6,520,0,290,0,627,25,31,58,1,0,0,0,1,21,0,0,0,6,19,0,0,0,0,0,0,3152,28,0,20562,0,0,15,178,4136,0,20,0,0,150,1,224,0,0,0,145,177,0,0,20,33,1,0,0,0,0,0,0,0,2,0,0,0,19,0,0,0,0,14,0,0,181,0,0,0,0,0,0,0,0,0,0,0,0,0,4,0,0,0,1,0,2,0,0,0
11808.4655.SALB.W2V1,123,1,0,210,1863,0,484,0,366,12,73,366,0,0,0,0,31,65,0,0,7,0,5,0,25,0,1,0,0,908,31,0,6849,0,0,44,369,1581,0,44,0,3,48,36,206,6,2,0,185,20,0,0,2,41,13,0,0,0,0,3,0,0,3,0,0,0,10,18,2,0,0,8,0,0,95,2,0,28,0,0,0,0,0,0,0,0,41,0,3,0,0,0,0,0,1,0,0,0
11808.4666.SALB.W2V1,92,3,0,308,2435,1,858,8,1344,30,17,595,2,0,0,0,109,78,0,0,2,6,27,0,1,0,6,0,0,7655,221,0,3689,0,0,174,735,2314,0,101,0,6,256,24,198,16,0,0,954,184,1,0,1,72,26,0,0,0,0,1,0,0,26,0,5,0,51,3,0,0,0,33,0,2,137,0,0,14,1,0,0,0,0,0,0,0,0,0,13,0,0,0,0,0,6,0,0,0
11808.4677.SALB.W2V1,697,1,0,30,3432,0,417,0,118,3,184,134,1,0,0,0,4,52,0,0,14,1,21,0,0,1,4,0,9,10862,128,0,2080,0,0,354,615,1879,0,125,0,0,206,6,12,2,1,0,39,62,0,0,146,4,13,0,0,0,0,0,1,0,0,0,0,0,2,0,0,0,0,7,0,0,30,0,0,1,0,0,0,0,0,0,0,0,9,0,7,0,0,0,0,0,2,0,5,0
11808.4688.SALB.W2V1,1416,1,0,51,921,0,387,0,67,7,743,98,0,0,0,0,2,17,0,0,6,0,17,0,0,71,2,0,0,3594,65,0,1022,3,0,697,219,215,2,3,0,0,39,10,1,0,0,0,2,13,2,19,17,1,22,0,0,0,0,0,0,0,0,0,0,0,0,0,0,1,0,1,0,0,7,0,0,3,0,0,0,1,0,0,0,0,13,0,5,0,0,0,0,0,0,0,0,0
11808.4712.SALB.W2V1,606,0,0,19,1165,0,392,0,635,18,121,184,0,0,0,0,9,21,0,0,11,1,0,0,0,0,2,0,0,7751,14,0,12394,0,0,380,314,1694,0,24,0,1,160,18,34,0,0,0,100,41,0,0,127,18,8,0,0,0,0,0,0,0,0,0,0,0,25,6,0,0,0,1,0,0,77,0,0,0,0,0,0,0,0,0,0,0,0,0,5,0,0,0,0,0,1,0,1,0
11808.4734.SALB.W2V1,78,0,0,14,6880,0,252,0,1500,5,378,294,3,0,0,0,18,73,1,0,1,2,8,0,1,0,0,0,0,7413,23,0,2357,0,0,277,1504,8758,0,115,6,0,248,17,124,1,0,0,154,149,0,0,9,21,2,0,0,0,0,0,0,0,0,0,1,0,11,1,0,0,0,5,0,0,71,0,2,0,0,0,0,0,0,0,0,0,0,0,2,0,0,0,0,0,6,0,0,3
11808.4745.SALB.W2V1,631,1,0,3,1554,1,641,0,288,0,2714,134,0,0,0,0,0,19,0,0,1,0,16,0,0,1,0,0,0,13972,229,3,856,0,0,5,473,753,0,92,0,0,93,12,16,3,0,0,38,22,0,0,213,0,13,0,0,0,0,0,0,0,0,6,0,0,10,2,0,0,0,1,1,0,9,0,0,1,0,0,0,2,0,0,0,0,1,0,3,0,0,0,0,0,5,0,9,3
11808.4756.SALB.W2V1,600,0,0,167,3052,0,810,0,587,18,124,371,3,0,2,0,36,44,1,10,18,5,52,1,13,0,14,0,0,10145,85,1,5017,0,0,253,943,2739,1,14,0,5,195,19,61,25,0,0,112,195,0,0,28,46,24,9,0,0,0,13,0,0,4,0,0,0,5,6,0,2,0,15,0,0,215,0,0,1,0,0,0,0,0,0,0,0,1,0,2,0,0,0,0,0,2,0,0,1
11808.4778.SALB.W2V1,1497,3,0,0,4426,0,208,0,225,19,104,123,4,0,0,0,2,13,0,0,5,2,18,0,0,0,1,0,0,4434,21,1,11102,0,0,73,557,1853,2,18,0,0,414,0,48,0,0,0,59,29,1,0,45,13,16,0,0,0,0,3,0,0,0,0,0,0,14,0,0,0,0,29,0,0,1,0,0,0,0,0,0,1,0,0,0,0,0,0,25,0,0,0,0,0,6,0,2,0
11808.4802.SALB.W2V1,536,0,0,10,1383,0,956,0,376,6,61,261,1,0,2,0,4,10,0,0,3,1,6,0,0,0,1,0,0,8751,23,0,7359,1,0,186,320,2885,1,4,0,0,96,2,53,3,0,0,54,51,1,0,82,12,14,0,0,0,0,1,0,0,0,0,0,1,19,0,0,0,0,7,1,0,21,0,0,0,0,0,0,0,0,0,0,0,4,0,2,0,0,0,0,0,1,0,2,0
11808.4813.SALB.W2V1,518,0,0,10,1311,0,391,0,121,11,141,141,0,0,0,0,2,13,0,0,25,2,6,0,0,0,1,0,0,11353,24,0,8951,0,0,184,212,1700,1,19,0,0,80,3,14,0,0,0,24,29,0,0,22,7,15,0,0,0,0,0,0,0,0,0,0,0,4,1,0,1,0,3,0,0,3,0,0,0,0,0,0,0,0,0,0,0,0,0,0,0,0,0,2,0,0,0,0,0
11808.4824.SALB.W2V1,187,7,0,3,3238,0,1019,45,701,23,21,831,6,0,0,5,5,4,0,0,3,5,2,0,0,0,0,0,0,7170,67,0,10958,1,0,500,384,8030,0,91,0,0,311,3,968,0,8,1,322,82,0,0,9,108,51,2,0,1,0,1,1,0,4,0,0,0,143,5,0,0,0,13,0,0,310,0,0,1,0,0,0,0,0,0,0,0,0,0,0,0,0,0,0,0,1,0,0,0
11808.4835.SALB.W2V1,624,1,0,59,1838,0,822,16,305,24,314,237,1,0,0,0,8,13,0,0,5,4,13,0,0,0,0,0,0,11936,20,0,6260,0,0,112,1160,2081,0,21,0,1,242,9,44,12,0,0,234,216,0,0,13,25,33,0,1,0,0,0,1,0,8,0,0,0,23,10,0,0,0,13,1,0,49,0,0,15,0,0,0,0,0,0,0,0,0,1,1,0,0,0,0,0,12,0,2,0
11808.4903.SALB.W2V1,343,0,0,0,1904,0,276,0,60,12,53,95,3,0,0,0,2,26,0,0,0,1,3,0,0,0,1,0,0,2080,9,0,10185,0,0,44,25,4623,3,38,0,0,155,1,132,1,0,0,131,82,0,0,1,27,30,0,0,0,0,0,0,0,19,0,0,0,15,0,0,0,0,11,0,0,76,0,0,0,0,0,0,0,0,0,0,0,0,0,0,0,0,0,0,3,4,0,0,0
11808.4925.SALB.W2V1,373,0,0,280,5176,0,1084,1,894,13,499,579,8,0,0,0,40,209,1,0,1,10,393,0,1,0,0,0,0,4774,668,6,1540,0,0,396,1544,3358,0,261,0,6,620,33,55,2,11,0,255,124,0,0,17,53,36,2,0,0,0,10,0,0,1,3,0,1,10,11,0,6,0,16,0,0,115,8,0,20,0,0,0,0,0,0,0,0,0,33,36,0,0,0,0,4,2,0,0,11
11808.4969.SALB.W2V1,1010,0,0,127,1256,0,605,1,487,42,299,513,2,1,0,0,4,55,0,0,1,2,27,0,0,0,1,0,0,6013,149,0,4284,0,0,342,458,1806,0,58,0,0,183,27,59,3,0,0,604,123,0,0,359,6,4,2,0,0,0,0,1,0,9,6,0,0,7,5,0,0,0,5,0,0,223,0,0,0,0,0,0,0,0,0,0,0,2,2,13,0,0,0,0,0,3,0,1,0
11808.4970.SALB.W2V1,111,1,0,27,594,0,413,0,284,21,21,127,1,1,1,0,15,1,0,0,3,0,12,0,8,0,0,0,0,1813,31,0,11433,0,0,84,88,6894,0,9,0,0,68,6,781,4,0,0,192,106,0,0,18,41,17,0,0,0,0,2,0,0,4,0,0,0,35,0,0,0,0,19,0,0,233,0,0,0,0,0,0,0,0,0,0,0,0,0,1,0,0,0,0,0,1,0,0,0
11808.4992.SALB.W2V1,1211,5,0,9,1576,0,124,0,253,9,504,236,1,0,0,0,4,49,0,0,16,2,20,0,0,0,0,0,0,5635,29,2,4644,0,0,898,226,2314,0,41,0,0,56,0,92,1,0,0,188,55,0,0,19,5,1,0,0,0,0,0,0,0,0,0,0,0,8,0,0,0,0,3,4,0,40,1,0,1,0,0,0,0,0,0,0,0,0,0,7,0,0,0,0,0,0,0,0,0
11808.5005.SALB.W2V1,16,1,0,26,17585,0,87,0,792,1,104,49,3,0,0,0,7,12,0,0,97,6,200,0,57,0,2,0,0,2174,34,0,3910,0,0,7,2726,9679,0,0,0,0,426,0,278,0,0,0,106,64,0,0,3,37,2,2,0,0,0,7,0,0,1,0,1,0,0,0,0,0,0,0,0,0,12,0,0,1,1,0,0,0,0,0,0,0,0,0,8,0,0,0,0,0,7,0,1,0
11808.5016.SALB.W2V1,188,1,0,8,2020,1,100,0,194,5,369,73,1,0,0,0,6,28,0,0,0,4,13,0,1,0,0,0,0,13830,20,1,1952,0,0,368,657,1894,0,18,0,2,70,1,4,0,0,0,10,25,0,0,15,4,0,1,0,0,0,6,0,0,0,0,0,0,0,0,0,0,0,0,1,0,3,0,0,0,0,0,0,0,0,0,0,0,3,0,1,0,0,0,0,0,1,0,0,0
11808.5027.SALB.W2V1,1933,0,0,265,4253,0,3955,1,1306,101,216,2144,7,0,9,0,8,164,0,1,13,4,18,0,0,71,48,0,0,8972,507,0,1827,0,0,3052,1372,2081,2,53,0,0,285,100,4,2,14,0,299,324,0,0,196,23,130,2,0,0,0,0,0,0,20,0,0,0,19,24,0,0,0,28,1,2,93,12,6,16,0,0,0,1,0,0,0,0,37,18,11,0,0,0,32,0,4,0,2,0
11808.5038.SALB.W2V1,210,0,1,100,2513,0,180,0,49,4,115,129,0,0,0,0,2,19,0,0,1,1,41,0,1,0,4,0,0,5477,74,1,536,0,0,679,88,72,1,8,0,0,12,11,5,1,0,0,45,8,1,0,1546,0,2,0,0,0,0,0,0,0,0,0,0,0,3,2,0,0,0,0,0,0,36,0,1,1,0,0,0,20,0,0,0,0,10,2,4,0,0,0,0,0,0,0,2,0
11808.5061.SALB.W2V1,463,0,0,115,8165,0,364,1,483,9,122,516,1,0,0,0,5,64,0,0,14,4,13,0,0,0,1,0,0,9278,247,1,979,0,0,749,812,873,1,87,0,0,236,13,18,3,0,0,111,99,0,0,633,10,2,1,0,0,0,0,4,0,4,0,0,0,0,4,0,0,0,2,1,0,47,0,0,5,0,0,0,1,0,0,0,0,4,1,8,0,0,0,0,0,2,0,1,0
11808.5117.SALB.W2V1,1081,0,0,270,6726,0,1549,2,2213,13,1327,1444,0,0,0,0,5,157,0,0,6,3,27,0,1,0,5,0,0,4777,459,5,1295,0,0,2632,225,2037,0,143,0,0,240,26,93,5,13,0,105,61,0,0,2,46,12,0,0,0,0,2,0,0,0,3,1,0,14,4,0,0,0,3,0,0,35,0,4,15,0,0,0,0,0,0,0,0,12,65,9,0,0,0,0,0,3,0,0,0
11808.5128.SALB.W2V1,580,0,0,36,8878,0,779,3,1690,49,345,729,7,0,0,0,9,123,1,0,2,5,18,0,0,0,2,0,0,7842,139,195,7414,0,0,357,1274,5636,0,282,0,2,264,23,134,5,2,0,359,367,0,0,13,111,23,1,0,0,0,3,0,0,7,0,0,0,22,6,0,0,0,37,0,0,108,0,0,1,0,0,0,0,0,0,0,0,3,0,13,0,0,0,0,0,0,0,0,0
11808.5139.SALB.W2V1,906,1,0,44,2277,0,843,0,533,34,86,687,4,0,0,0,10,44,0,0,21,4,211,0,1,0,28,0,0,4974,191,0,6221,1,0,263,335,1914,4,80,0,2,266,15,34,0,10,0,411,146,0,0,24,34,18,3,0,0,0,0,2,0,72,1,0,0,38,1,0,0,0,29,0,0,299,0,1,1,0,0,0,0,1,0,0,0,2,1,17,0,0,0,15,0,3,0,2,1
11808.5151.SALB.W2V1,534,17,2,49,6450,0,369,0,857,17,452,222,3,0,0,0,11,104,0,0,5,0,21,0,0,0,0,0,0,6724,99,0,8608,0,0,1732,679,2605,0,26,0,3,350,7,35,6,0,0,112,71,0,0,339,10,10,1,0,0,0,2,2,0,2,0,0,0,10,0,0,0,1,10,0,0,50,0,0,0,0,0,0,0,0,0,0,0,0,0,4,0,0,0,0,0,4,0,0,0
11808.5207.SALB.W2V1,1073,0,0,93,3019,0,1229,6,1402,72,214,552,4,22,2,0,62,53,0,1,14,2,29,0,25,0,13,0,0,5145,41,0,6784,0,0,52,466,2583,0,31,1,4,361,42,95,44,7,0,224,295,0,1,184,61,32,1,0,0,0,6,3,0,9,0,0,0,66,7,0,1,0,24,0,1,265,0,0,6,2,0,0,0,1,0,0,0,1,5,11,0,0,0,22,0,2,0,3,0
11808.5229.SALB.W2V1,658,0,0,5,3617,0,1287,2,1073,30,2723,447,3,0,0,0,12,242,0,0,1,15,104,0,0,0,6,0,0,9231,338,2,2034,0,0,324,1579,1747,1,216,0,1,553,6,26,0,2,0,505,97,0,0,4,17,4,0,0,0,0,0,0,0,1,0,0,0,8,0,0,0,0,9,0,0,61,0,0,0,0,0,0,0,0,0,0,0,0,19,17,0,0,0,0,0,6,0,0,0
11808.5263.SALB.W2V1,480,0,0,60,2537,0,1003,0,946,41,201,555,1,0,1,0,1,99,0,0,0,1,121,0,0,1,13,0,0,4545,361,0,5439,0,0,215,568,1566,0,8,0,0,203,73,57,2,11,0,484,75,0,0,106,26,15,0,0,0,0,0,0,0,5,1,0,0,10,7,0,0,0,21,0,0,159,0,0,0,0,0,0,0,0,0,0,0,0,0,7,0,0,0,8,0,5,0,7,0
11808.5274.SALB.W2V1,1150,0,0,994,1480,0,1241,4,592,77,191,596,2,0,0,0,38,7,0,7,4,1,17,0,0,0,7,0,0,2015,125,0,6755,0,0,347,607,1446,0,0,0,1,47,51,193,31,30,0,446,201,0,0,4,152,115,0,0,0,0,0,0,0,0,21,0,0,65,24,0,4,0,87,0,0,26,20,0,65,0,0,0,0,0,0,0,0,30,24,0,0,0,0,0,0,0,0,0,0
11808.5285.SALB.W2V1,181,0,0,18,1294,0,916,25,644,82,329,632,2,0,0,0,4,31,0,0,2,2,21,0,0,0,2,0,0,4802,41,0,7525,0,0,299,270,1992,26,26,0,3,210,21,241,1,39,0,434,255,0,0,5,69,0,0,1,0,0,1,0,0,7,2,0,0,71,18,0,0,0,88,0,0,167,0,0,0,0,0,0,0,0,0,0,0,2,0,3,0,0,0,0,0,3,0,0,0
11808.5296.SALB.W2V1,1623,0,0,1004,5773,0,2511,4,370,33,735,493,1,0,1,0,61,79,0,15,2,215,39,0,0,0,18,3,0,4881,111,0,5022,0,0,712,236,1386,10,5,0,2,78,76,12,18,32,0,295,253,0,5,7,15,32,1,0,0,0,0,1,0,3,10,0,0,12,19,3,0,0,15,0,0,212,4,0,72,0,0,0,0,0,0,0,0,104,0,9,5,0,0,25,0,3,0,4,0
11808.5342.SALB.W2V1,109,0,0,11,1737,0,161,0,365,3,105,174,2,0,1,0,3,4,0,16,0,0,9,0,0,0,0,0,0,4929,22,0,13689,0,0,263,560,2943,50,10,0,0,47,1,128,0,7,0,116,44,0,0,2,23,0,0,0,0,0,0,0,0,2,0,4,0,9,0,0,0,0,6,1,0,83,0,0,2,0,0,0,0,1,0,0,0,0,0,6,0,0,0,0,0,4,0,3,0
11808.5353.SALB.W2V1,797,0,0,80,732,0,724,4,278,22,824,449,0,0,0,0,11,47,0,17,0,0,1,0,0,0,5,4,0,1304,138,2,3491,0,0,269,70,813,17,32,0,3,66,36,102,1,31,0,120,36,0,0,45,9,63,0,0,0,0,0,0,0,2,5,0,0,16,0,0,0,0,20,0,0,34,2,0,3,0,0,0,0,0,0,0,0,5,0,3,0,0,0,0,0,1,0,1,0
11808.5375.SALB.W2V1,1201,0,0,45,4415,0,472,1,453,22,4418,208,4,0,1,0,8,176,0,0,0,2,3,0,0,0,5,0,0,2376,82,3,912,0,0,209,1924,637,0,22,0,0,282,7,5,5,1,0,63,228,0,0,1,7,23,0,0,0,0,3,0,0,0,0,0,0,7,7,0,0,0,5,0,0,18,0,0,0,0,0,0,0,0,0,0,0,5,0,3,0,0,0,1,0,3,0,2,0
11808.5386.SALB.W2V1,1846,0,0,33,3446,0,856,0,808,13,1516,567,3,0,0,0,31,94,0,3,14,2,16,0,0,0,1,0,0,7433,248,1,6668,0,0,537,886,2860,0,218,0,1,167,34,126,3,13,0,126,69,0,0,8,43,20,0,1,0,0,0,0,0,0,0,0,0,21,12,0,0,0,20,0,0,86,0,1,2,0,0,0,0,0,0,0,0,0,0,22,0,0,0,0,0,2,0,1,0
11808.5409.SALB.W2V1,518,0,0,66,6432,0,617,0,729,14,43,115,0,0,0,7,37,57,0,1,0,4,43,0,0,0,9,0,0,5471,97,0,483,0,0,61,1408,1152,0,23,0,0,635,27,3,9,8,0,101,145,0,0,11,17,34,1,0,0,0,0,0,0,3,3,0,0,12,23,0,0,0,18,0,0,35,0,1,4,0,0,0,0,0,0,0,2,4,0,57,0,0,0,0,0,4,0,0,0
11808.5421.SALB.W2V1,2607,0,0,0,994,1,2576,28,151,15,110,462,6,0,0,2,4,15,0,0,0,2,16,0,0,0,0,0,0,4067,118,0,3589,0,0,55,156,1472,0,55,0,0,210,49,24,0,65,0,84,237,0,0,126,54,72,1,0,0,0,0,1,1,0,7,0,0,30,4,0,0,0,2,0,0,46,5,0,18,0,0,0,0,0,0,0,0,0,0,6,0,0,0,0,0,4,0,0,0
11808.5476.SALB.W2V1,3211,0,0,69,1063,0,1483,0,375,18,58,577,1,0,1,0,0,10,0,6,4,0,36,0,2,78,1,0,0,9830,400,1,2486,0,0,1806,297,1678,2,4,0,0,38,6,16,0,2,0,210,92,0,0,17,1,25,0,1,0,0,0,0,0,10,5,0,0,11,7,0,0,0,13,2,0,32,1,0,5,1,0,0,0,0,0,0,0,11,0,9,0,0,0,0,0,0,0,3,0
11808.5487.SALB.W2V1,149,2,0,299,1877,0,348,14,479,43,105,192,6,0,1,0,34,134,0,1,9,6,7,0,1,0,2,1,0,1956,113,0,13032,0,0,125,593,2963,0,40,0,1,190,17,166,4,9,0,520,159,0,0,3,53,18,0,0,0,0,0,0,0,2,0,0,1,30,13,0,0,0,36,0,0,325,0,0,14,0,0,0,0,0,0,0,0,7,0,2,0,0,0,0,0,3,0,0,0
11808.5500.SALB.W2V1,821,0,0,120,1834,1,569,26,344,7,773,147,3,1,1,0,8,51,7,9,0,2,8,0,1,0,5,0,0,10238,21,1,4557,0,0,271,239,826,13,56,0,2,123,8,21,8,18,0,119,71,0,0,76,24,6,1,0,0,0,4,0,0,0,2,0,0,17,2,0,0,0,9,2,0,29,0,0,1,0,0,0,0,18,0,0,0,1,1,4,0,0,0,0,0,3,0,1,0
11808.5577.SALB.W2V1,1331,0,0,58,3158,0,1656,1,591,48,177,2789,2,0,0,0,5,118,0,0,0,6,72,0,0,0,16,0,0,4918,353,0,3493,0,0,469,1160,788,34,53,0,0,365,15,27,0,18,0,1321,403,0,0,7,51,23,2,0,0,0,0,0,0,26,4,0,0,27,27,0,0,0,24,0,0,818,0,0,10,0,0,0,0,2,0,0,0,0,0,36,2,0,0,31,0,3,0,7,0
11808.5599.SALB.W2V1,154,0,0,48,7252,0,204,7,1923,39,892,247,10,0,0,0,21,102,0,0,0,13,39,0,0,0,3,0,0,3495,34,1,6935,0,0,374,4125,6391,31,33,0,0,629,4,217,0,8,0,432,169,0,0,5,72,2,3,0,0,0,0,0,0,6,1,0,0,25,2,0,0,0,25,0,2,95,0,0,1,0,0,0,0,0,0,0,0,1,0,3,0,0,0,0,0,10,0,0,1
11808.5612.SALB.W2V1,641,0,0,70,3231,0,571,26,166,18,66,941,3,0,0,0,7,17,0,2,7,7,9,0,0,0,4,0,0,6082,38,0,2251,0,0,491,250,1254,33,79,0,1,260,13,68,0,63,0,853,213,0,0,42,42,3,1,0,0,0,1,0,0,4,5,0,0,18,7,0,0,0,25,0,1,145,27,0,2,0,0,0,0,0,0,0,0,1,0,0,0,0,0,0,0,5,0,0,0
11808.5623.SALB.W2V1,1255,2,0,303,2091,0,1457,1,426,14,1145,581,3,0,0,0,27,38,0,0,0,0,41,0,0,0,31,0,2,5993,154,0,2834,0,0,468,641,1017,7,94,0,0,123,34,7,5,12,0,61,106,0,0,639,5,33,0,0,0,0,0,0,0,17,0,0,0,5,25,0,1,0,1,0,0,174,0,1,0,0,0,0,2,0,0,0,0,15,6,3,1,0,0,0,0,2,0,7,0
11808.5634.SALB.W2V1,282,10,0,149,9645,0,814,0,1593,10,8,134,20,0,0,0,99,13,0,0,24,15,13,0,14,0,9,0,0,3567,14,0,4381,0,0,76,2484,8446,1,4,0,4,836,22,276,25,0,0,169,128,0,0,5,92,4,5,0,0,0,7,0,0,0,0,0,0,3,46,0,0,0,23,0,2,27,0,0,0,0,0,0,0,0,0,0,0,4,0,0,0,0,0,0,0,108,0,0,0
11808.5656.SALB.W2V1,1994,0,0,50,3946,1,1113,0,551,23,286,751,1,0,0,0,13,81,0,0,0,2,15,0,0,1,10,0,0,9750,144,0,2594,0,0,614,563,2728,6,9,0,4,167,24,122,2,0,0,114,63,0,0,99,11,42,2,0,0,0,0,0,0,18,0,0,0,18,3,0,0,0,13,0,0,168,0,0,3,0,0,0,1,0,0,0,0,1,26,20,0,0,0,6,0,0,0,2,0
11808.5667.SALB.W2V1,921,1,0,35,967,0,1498,1,142,10,182,607,0,0,3,0,0,3,0,0,15,2,11,0,0,0,3,0,0,1806,235,2,1651,0,0,199,113,179,0,15,0,0,73,6,0,0,19,0,119,29,0,0,5,4,4,0,0,0,0,0,0,0,3,0,0,0,4,0,0,0,0,10,0,0,55,0,0,0,0,0,0,0,0,0,0,0,1,0,0,0,0,0,0,0,0,0,1,0
11808.5689.SALB.W2V1,42,2,0,31,7043,0,108,1,478,6,240,81,1,0,0,0,5,5,0,0,0,1,8,0,0,0,2,0,0,7020,12,0,932,0,0,182,465,3262,0,28,0,0,109,4,16,7,9,0,95,84,0,3,52,5,4,2,0,0,0,0,0,0,0,0,0,1,11,0,0,7,0,5,0,0,5,0,0,1,0,0,0,0,0,0,0,0,10,0,0,0,0,0,0,0,1,0,1,0
11808.5690.SALB.W2V1,771,0,0,186,3542,0,1024,0,516,17,65,322,1,0,0,0,7,14,0,0,0,0,17,0,0,0,12,0,0,5757,76,0,2726,0,0,477,164,1334,2,22,0,1,83,37,66,0,0,0,104,61,0,5,17,7,26,0,0,0,0,0,0,0,5,0,0,0,9,17,0,1,0,11,0,0,25,0,0,6,0,0,0,0,0,0,0,0,30,1,0,1,0,0,6,0,1,0,0,0
11808.5702.SALB.W2V1,244,0,0,20,494,0,244,7,39,2,17,46,0,0,0,0,4,5,0,0,0,1,0,1,0,0,2,0,0,4391,5,0,1163,0,0,545,181,219,0,2,0,0,27,4,2,0,0,0,7,3,0,1,4,0,15,0,0,0,0,0,1,0,0,0,0,0,2,0,0,0,0,1,0,0,5,0,0,0,0,0,0,0,0,0,0,0,1,2,0,0,0,0,0,0,0,0,0,0
11808.5724.SALB.W2V1,2051,1,0,34,3108,1,395,0,549,29,3756,326,4,1,0,0,21,245,0,0,4,1,136,0,4,0,10,0,0,5377,218,3,1441,0,0,1199,713,2849,6,508,0,1,180,18,21,3,0,0,176,112,0,0,1,6,20,0,1,0,0,3,0,0,0,0,0,0,6,0,0,1,0,8,0,2,52,0,1,0,0,0,0,0,0,0,0,0,1,0,20,0,0,0,0,0,6,0,26,0
11808.5735.SALB.W2V1,2093,0,0,84,2466,0,1253,1,619,28,250,1464,0,0,0,0,0,54,0,0,4,1,3,0,0,0,18,0,0,4831,363,0,1673,0,0,739,588,1008,0,64,0,0,215,29,47,0,11,0,294,184,0,0,247,29,22,0,0,0,0,2,0,0,3,2,0,0,62,0,0,0,0,37,0,0,45,12,0,7,0,0,0,0,0,0,0,0,4,1,8,0,0,0,0,0,0,0,0,0
11808.5791.SALB.W2V1,486,0,0,54,2248,0,516,0,649,19,638,1018,0,0,0,0,12,182,0,0,0,3,17,0,0,0,1,0,0,5163,61,2,5762,0,0,191,661,2693,0,358,0,4,118,11,39,4,5,0,391,202,0,0,11,23,2,1,0,0,0,4,0,0,3,1,0,0,19,8,0,0,0,46,0,0,242,7,0,2,0,0,0,0,0,0,0,0,0,0,10,0,0,0,0,0,3,0,3,0
11808.5814.SALB.W2V1,290,0,0,428,867,0,460,2,147,7,3513,163,4,0,0,0,43,97,0,0,5,1,6,0,2,0,5,0,0,15987,52,6,1477,0,0,2053,297,312,0,933,0,2,43,25,13,14,7,0,129,24,0,0,15,8,19,1,0,1,0,0,0,0,0,9,0,0,10,24,0,0,0,15,1,4,172,0,0,5,0,0,0,0,0,0,0,0,5,5,7,0,0,0,0,0,0,0,2,0
11808.5825.SALB.W2V1,1416,0,0,1548,5665,0,1685,5,832,47,649,753,0,0,0,0,92,144,0,0,2,2,57,0,3,0,12,0,0,11969,86,1,3274,0,0,980,536,2100,1,154,0,10,333,42,74,44,0,0,444,398,2,0,171,59,65,0,0,0,0,0,2,0,2,0,0,1,38,15,3,33,0,47,1,1,309,0,0,51,4,0,0,0,0,0,0,0,44,6,17,0,0,0,0,0,0,0,0,0
11808.5847.SALB.W2V1,246,0,0,12,1553,0,128,0,520,2,13,20,0,0,0,0,13,77,0,0,2,2,5,0,0,0,1,0,0,3853,27,0,9701,0,0,46,491,3010,0,0,0,0,135,4,55,15,0,0,130,39,0,0,2,24,5,0,0,0,0,1,0,0,3,1,0,0,6,0,1,0,0,4,0,0,16,0,0,0,0,0,0,0,0,0,0,0,1,0,0,0,0,0,0,0,0,0,0,0
11808.5870.SALB.W2V1,779,5,0,19,1149,0,1035,0,494,21,477,1011,0,0,0,0,4,19,0,0,3,3,16,0,0,0,4,0,0,2416,78,0,15035,0,0,127,113,2139,0,21,0,0,178,0,75,0,0,0,84,52,1,2,3,12,3,2,0,0,0,0,0,1,1,0,0,0,19,0,0,0,0,5,0,0,34,0,0,5,0,0,0,0,0,0,0,0,1,2,4,0,0,0,10,0,0,0,0,0
11808.5904.SALB.W2V1,2805,0,0,24,795,1,3225,0,108,21,407,705,3,0,0,0,3,9,0,0,0,1,40,0,0,53,5,0,0,3815,111,2,7389,0,0,961,102,1298,0,20,0,0,58,15,4,0,0,0,36,29,0,0,5,3,85,0,0,0,0,0,0,0,1,9,0,0,14,0,0,0,0,10,2,0,27,0,0,4,0,0,0,0,0,0,0,0,31,8,3,0,0,0,3,0,2,0,0,0
11808.5915.SALB.W2V1,4148,1,0,30,671,0,1773,4,376,17,395,186,4,1,0,0,18,27,0,0,10,1,13,0,0,0,10,0,0,8322,101,0,11032,0,0,681,123,1957,1,36,0,0,77,9,18,0,28,0,149,91,0,0,198,8,47,1,0,0,0,0,0,0,1,0,0,0,6,1,0,0,0,15,1,0,54,10,0,4,0,0,0,0,0,0,0,0,5,1,8,0,0,0,6,0,1,0,3,0
11808.5937.SALB.W2V1,39,7,0,9,1394,0,287,0,326,14,482,733,4,0,0,0,8,52,0,0,5,0,16,0,0,2,0,0,0,7009,45,0,8091,3,0,179,694,6669,0,128,0,0,90,5,124,3,0,0,184,132,0,0,59,10,5,8,0,0,0,0,0,0,3,0,0,0,8,1,0,0,0,8,1,0,276,0,0,1,0,0,0,0,0,0,0,0,0,0,3,2,0,0,0,0,3,0,0,1
11808.5948.SALB.W2V1,56,0,0,82,13743,1,236,2,286,17,226,276,5,0,0,0,17,66,3,0,9,1,17,0,0,0,0,0,0,2693,47,0,3905,0,0,243,690,2381,0,207,0,2,315,10,68,21,0,0,126,55,0,0,301,30,7,8,0,0,0,0,0,0,0,0,0,0,4,5,0,0,0,5,0,0,167,0,0,5,0,0,0,0,0,0,0,0,3,0,14,0,0,0,0,0,4,0,0,0
11808.5959.SALB.W2V1,3264,0,0,274,4577,0,4261,0,946,121,907,2063,7,0,7,0,107,205,0,0,4,7,95,0,0,0,16,0,0,6905,260,2,7412,0,0,1679,244,3044,0,286,0,19,501,52,177,44,0,0,406,388,0,0,11,57,127,2,0,0,0,15,1,1,15,0,0,1,79,33,0,0,0,47,0,1,297,0,0,18,0,0,0,0,1,0,0,0,18,0,20,0,0,0,14,0,4,0,3,0
11808.5960.SALB.W2V1,3106,3,0,57,118,1,3046,4,303,54,422,390,4,0,0,0,14,6,0,7,31,8,29,1,1,0,1,0,0,8541,237,0,2784,0,0,174,191,682,0,120,0,0,288,32,16,2,43,0,377,59,0,0,12,4,45,2,0,0,0,0,0,0,1,3,0,0,12,3,0,0,0,5,0,0,187,2,0,1,0,0,0,0,0,0,0,0,0,44,49,0,0,0,19,0,5,0,6,0
11808.5971.SALB.W2V1,128,2,0,91,2376,0,148,0,593,8,9,295,0,1,1,0,9,10,0,0,6,0,8,0,2,0,0,0,0,459,15,0,10089,1,0,175,75,4746,1,2,0,0,67,3,348,1,0,0,124,88,0,0,2,55,2,0,0,0,0,0,0,0,2,0,1,0,18,3,0,0,0,18,0,0,107,0,0,9,4,0,0,0,0,0,0,0,10,0,0,0,0,0,0,0,0,0,0,3
11808.5993.SALB.W2V1,3593,0,0,5,1869,0,837,2,200,13,1184,76,2,0,0,0,5,44,0,0,10,2,11,0,0,0,1,0,0,11540,68,2,4744,0,0,618,380,1216,0,107,0,0,190,3,0,0,25,0,53,80,0,0,67,9,1,4,1,0,1,0,1,13,0,2,0,1,28,3,0,0,0,5,0,0,21,0,0,2,0,0,0,0,0,0,0,0,0,25,3,0,10,0,0,0,3,0,4,0
11808.6040.SALB.W2V1,846,0,0,664,2434,1,1628,2,949,25,405,410,4,0,1,1,52,37,1,0,0,0,40,0,0,0,16,0,0,7488,70,0,1699,0,0,200,1385,1479,1,55,0,3,266,120,39,9,13,0,261,99,7,0,10,17,24,1,0,0,0,5,0,0,1,5,0,0,17,25,5,6,0,21,1,1,48,0,0,11,0,0,0,0,0,0,0,0,36,1,5,0,0,0,10,0,1,0,1,0
11808.6062.SALB.W2V1,1757,0,0,82,5578,0,950,6,2271,130,144,1198,2,0,0,2,22,56,2,1,0,4,98,0,0,0,8,0,0,2906,209,0,9884,0,0,281,494,4187,1,19,0,0,428,13,452,6,6,0,935,303,0,0,5,161,99,0,0,0,0,6,0,0,9,1,0,1,99,4,0,0,0,52,1,0,2940,0,0,6,0,0,0,0,0,0,0,0,2,1,11,0,0,0,4,0,6,0,2,0
11808.6073.SALB.W2V1,1210,0,0,201,1790,1,1435,5,297,58,83,306,2,0,0,1,42,65,0,0,10,4,27,0,0,0,15,0,0,9953,132,0,5173,0,0,459,705,1970,0,14,0,1,425,15,45,8,48,0,228,122,0,0,11,10,16,1,0,0,0,0,1,0,2,7,0,2,23,25,0,0,0,27,0,0,91,3,0,10,0,0,0,0,0,0,0,0,14,0,13,1,0,14,3,0,7,0,0,0
11808.6095.SALB.W2V1,132,0,0,207,6317,0,487,1,741,25,62,99,1,0,0,0,20,58,0,2,18,3,51,0,4,0,5,0,0,15270,28,0,1332,0,0,220,1673,2063,0,58,0,0,272,5,15,23,15,0,114,182,0,0,18,23,16,1,0,0,0,8,0,0,0,4,0,0,14,16,6,3,0,15,0,0,26,5,0,7,0,0,0,0,0,0,0,0,6,0,0,0,0,0,0,0,3,0,0,0
11808.6141.SALB.W2V1,2179,9,0,58,5496,0,897,2,433,34,90,278,3,0,0,0,32,41,0,11,1,9,29,0,1,0,0,0,0,7235,214,0,2348,0,0,367,245,1249,0,70,0,0,486,15,28,0,7,0,94,149,0,0,8,6,108,3,0,0,0,0,0,0,3,0,0,0,23,15,0,0,0,18,0,3,13,1,1,3,0,0,0,0,0,0,0,0,0,0,3,0,0,0,1,0,4,0,1,0
11808.6185.SALB.W2V1,578,11,0,82,3758,0,1437,1,523,17,27,204,2,0,0,0,2,26,0,0,0,3,7,0,0,1,0,0,0,16033,68,0,890,0,0,52,714,931,0,0,0,0,203,10,0,0,7,0,216,268,0,1,19,6,2,0,0,0,0,0,0,1,2,3,0,0,8,0,0,0,0,4,0,0,34,2,0,0,0,0,0,0,0,0,0,0,0,0,0,4,0,0,0,0,6,0,0,1
11808.6242.SALB.W2V1,3030,0,0,186,3764,0,944,0,372,33,3382,506,4,0,2,0,45,46,0,0,6,2,77,0,10,0,6,0,0,5504,224,2,3180,0,0,276,1063,1631,0,343,0,8,542,7,49,10,0,0,206,183,0,0,71,31,0,1,0,0,0,0,0,0,7,0,0,0,18,14,0,0,0,12,0,0,70,0,0,1,1,0,0,0,0,0,0,0,0,0,32,0,0,0,7,0,3,0,8,0
11808.6264.SALB.W2V1,8,0,0,39,8286,0,248,21,2481,18,16,51,29,0,0,0,39,39,2,0,0,24,12,0,0,0,3,0,0,2728,15,0,10340,0,0,9,1183,8263,0,1,0,2,1689,28,304,4,8,0,199,95,0,0,0,54,1,8,0,0,0,2,0,0,6,0,0,0,4,12,0,0,0,13,0,0,196,0,0,8,0,0,0,0,0,0,0,0,0,0,6,0,0,0,0,0,24,0,0,5
11808.6297.SALB.W2V1,20,0,0,5,9269,0,540,0,1533,2,21,366,2,0,0,0,64,141,0,0,80,1,4,0,0,0,0,0,0,5397,58,0,7915,0,0,112,1555,11931,0,62,0,19,228,36,559,15,0,0,311,35,0,0,4,352,1,0,0,0,0,43,0,0,1,0,0,0,17,0,0,0,0,97,0,0,378,0,1,0,0,0,0,0,0,0,0,0,0,0,4,0,0,0,0,0,0,0,0,0
11808.6309.SALB.W2V1,48,0,0,21,11862,0,200,40,1314,5,8,198,15,0,0,10,8,51,0,38,10,5,6,0,0,0,1,0,0,5554,56,0,1440,0,0,63,8338,5597,0,8,0,0,831,2,448,4,29,0,157,14,0,0,15,20,0,2,0,0,0,0,0,0,0,5,0,0,4,7,0,0,0,6,0,0,45,58,0,0,0,0,0,0,0,0,0,0,0,0,5,0,0,0,0,0,4,0,0,0
11808.6310.SALB.W2V1,2967,0,0,202,2656,1,2840,1,1332,24,929,1471,10,0,1,0,24,281,0,0,0,11,59,0,0,0,18,0,0,12253,361,0,3620,0,0,1495,782,2739,1,87,0,0,338,26,75,3,15,0,225,245,0,0,15,10,125,0,0,0,1,0,0,0,8,5,0,0,29,4,0,0,0,13,0,0,100,0,0,50,0,0,0,0,0,0,0,0,11,7,14,0,0,0,0,0,12,0,6,0
11808.6332.SALB.W2V1,681,0,0,3,1105,1,475,0,364,56,485,671,1,0,0,0,0,32,0,0,2,3,29,0,0,0,5,3,0,5071,140,0,6457,0,0,138,235,1959,0,405,0,0,144,5,25,0,0,0,293,120,0,0,3,11,0,3,0,0,0,0,0,0,0,0,0,0,33,0,0,0,0,7,0,0,55,0,0,1,0,0,0,0,0,0,0,0,0,0,14,0,0,0,0,0,5,0,6,0
11808.6354.SALB.W2V1,212,1,0,8,2052,0,421,1,672,20,8,189,3,0,0,0,7,14,0,0,9,2,6,0,0,0,0,0,0,7341,40,0,10438,0,0,7,431,4503,0,4,0,0,123,4,236,9,0,0,186,61,0,0,3,19,28,0,0,0,0,0,0,0,0,0,0,0,15,2,0,0,0,26,0,0,136,0,0,0,0,0,0,0,0,0,0,0,0,0,2,0,0,0,0,0,2,0,0,0
11808.6376.SALB.W2V1,2589,1,0,271,1864,0,2036,0,471,43,141,356,8,0,3,0,12,90,0,0,17,11,32,0,0,0,30,0,0,6827,184,1,4648,0,0,436,550,1555,2,279,0,2,719,22,59,1,0,0,216,144,0,0,2,31,103,4,1,0,0,0,0,0,2,0,0,0,31,5,1,1,0,7,0,0,42,0,0,16,0,0,0,0,0,0,0,0,23,2,26,2,0,0,10,0,9,0,6,0
11808.6398.SALB.W2V1,164,3,0,53,935,1,541,0,251,7,39,74,1,1,0,0,12,1,0,0,1,1,9,0,0,0,14,0,0,12177,7,0,3683,0,0,121,148,2033,0,16,0,0,55,3,47,4,0,0,97,128,0,0,26,31,13,0,0,0,0,0,0,0,1,0,0,0,8,9,0,0,0,13,1,0,57,0,0,2,0,0,0,0,0,0,0,0,3,0,1,0,0,0,0,0,0,0,0,0
11808.6411.SALB.W2V1,51,0,0,5,1357,0,80,0,653,4,143,81,5,0,0,0,4,8,0,0,3,13,40,0,0,0,0,0,0,4509,67,0,10409,0,0,19,377,3291,17,45,0,0,382,4,84,0,0,0,126,201,0,0,0,38,2,4,0,0,0,0,0,0,1,0,0,0,10,0,0,0,0,3,0,0,71,1,0,0,0,0,0,0,0,0,0,0,0,0,7,0,0,0,0,0,6,0,1,0
11808.6433.SALB.W2V1,252,0,0,18,2202,0,272,0,177,5,102,318,4,0,0,0,32,19,0,0,18,1,30,0,0,0,1,0,0,8877,23,0,9990,0,0,231,568,2924,0,48,0,4,272,8,70,0,0,0,54,27,0,0,2,12,3,0,0,0,0,1,0,0,0,0,0,0,2,5,0,0,0,11,1,0,109,3,0,1,0,0,0,0,0,0,0,0,3,0,3,0,0,0,0,0,1,0,2,0
11808.6488.SALB.W2V1,1075,0,0,5,700,0,544,0,63,6,332,100,2,0,0,0,8,11,0,0,0,1,34,0,0,0,1,0,0,8250,101,0,971,0,0,216,451,341,0,177,0,0,141,5,4,0,0,0,25,43,0,0,44,0,44,1,0,0,0,0,0,0,1,0,0,0,12,1,0,0,0,0,0,0,6,0,0,2,0,0,0,0,0,0,0,0,3,0,12,0,0,0,4,0,3,0,44,0
11808.6501.SALB.W2V1,622,2,1,15,1338,1,891,0,811,12,115,234,2,0,0,0,4,37,0,0,3,4,14,0,0,0,1,0,0,11952,7,1,6213,2,0,1035,268,2958,0,50,0,0,79,3,76,0,1,0,96,141,0,0,182,9,11,0,1,1,1,0,0,0,1,0,0,0,16,0,0,0,0,5,2,0,26,0,0,1,0,0,0,0,0,0,0,0,4,1,4,0,0,0,0,0,7,0,2,0
11808.6589.SALB.W2V1,101,0,0,42,690,0,430,0,73,3,19,91,2,20,0,1,6,33,0,0,5,0,1,0,0,0,0,0,1,7939,14,0,6363,0,0,134,228,4026,1,3,0,0,114,4,10,2,3,0,40,12,0,0,32,18,1,0,0,0,0,0,0,0,0,6,0,0,7,3,0,0,0,3,0,0,16,0,0,2,0,0,0,0,0,0,0,0,7,0,5,0,0,0,0,0,0,0,0,0
11808.3069.SALB.W2V11,1500,2,0,133,7753,1,2550,6,507,24,26431,177,8,3,2,1,27,92,4,0,9,15,177,32,93,2,0,1,0,19705,1054,1,10846,0,0,664,5267,3962,42,882,6,4,335,312,4,0,0,0,201,161,0,0,102,35,52,3,131,0,0,5,7,4,0,0,0,23,22,0,2,0,3,54,0,7,135,0,1308,32,6,3,0,1,3,2,2,0,55,80,223,141,3,0,0,1,0,3,7,5
11808.3137.SALB.W2V11,109,0,12,51,21653,1,5706,7,2965,15,28195,2000,9,5,2,8,104,922,1,0,18,25,240,14,29,0,0,0,0,9276,1071,2,15682,4,1,929,9506,9269,62,1277,10,18,668,32,229,0,0,6,395,492,0,2,45,83,70,13,58,1,0,15,6,24,1,0,22,21,29,0,0,0,17,152,0,12,571,0,2497,74,32,1,0,0,12,1,7,0,25,2,247,173,5,0,0,4,0,1,9,2
11808.3160.SALB.W2V11,331,0,21,271,30001,2,16834,15,4455,57,70077,2061,21,6,2,10,90,979,1,1,24,44,630,32,52,17,1,0,1,26891,10946,2,26962,4,1,870,7519,17522,84,1091,10,12,1118,147,442,0,0,5,2637,3672,0,3,122,80,36,17,96,0,0,0,10,32,1,0,4,33,10,0,0,0,21,181,1,2,1215,2,3476,142,48,6,3,2,14,3,22,0,37,34,265,1008,4,0,0,13,0,0,19,4
11808.3182.SALB.W2V11,61,0,3,63,4120,0,286,4,1461,5,405,82,6,0,0,1,6,169,3,0,2,5,31,12,25,3,0,1,0,6923,188,0,1139,1,0,318,2895,1275,16,2,2,2,70,116,6,0,0,0,99,237,0,0,42,12,5,1,52,0,0,15,6,2,0,0,0,2,0,0,0,0,1,19,0,3,78,0,122,0,5,1,1,0,0,0,0,1,10,4,65,16,3,0,0,0,0,1,1,1
11808.3193.SALB.W2V11,419,0,2,143,6439,1,795,2,1704,14,921,124,12,26,1,2,68,370,5,0,19,6,104,16,24,3,0,0,0,11377,451,0,6651,1,0,513,3174,6298,21,307,6,1,147,244,136,0,0,1,243,304,0,0,51,51,96,3,68,0,1,0,4,8,0,0,0,6,11,0,12,0,5,117,0,6,58,0,527,31,14,3,2,1,1,1,0,0,67,11,106,27,3,0,0,2,0,0,1,3
11808.3216.SALB.W2V11,315,0,2,145,11811,2,1084,9,2057,10,17633,23,15,6,1,4,217,1268,3,1,40,28,563,36,39,6,0,0,0,22029,1486,1,84541,5,0,1386,4011,13939,269,946,6,6,361,114,774,0,0,1,407,148,0,1,136,134,70,8,146,0,0,18,9,20,0,0,0,19,2,0,0,0,19,175,1,3,820,0,97,13,27,4,1,3,2,0,3,1,6,11,161,133,1,0,0,1,0,3,6,7
11808.3261.SALB.W2V11,2891,0,0,579,6594,1,2200,1,1009,26,2209,352,6,2,0,0,163,190,4,0,21,6,60,5,118,0,0,2,3,5430,277,0,21953,0,0,619,1401,4482,112,24,5,29,188,681,327,0,0,0,604,434,0,0,22,121,53,1,27,0,0,11,2,5,0,0,48,167,5,0,36,0,5,209,0,4,294,0,766,24,12,1,0,1,1,1,2,0,118,23,34,35,0,0,0,4,1,1,0,2
11808.3418.SALB.W2V11,235,0,2,95,2598,0,83,0,337,1,172,162,3,0,0,0,35,145,0,0,8,1,27,1,10,0,0,0,0,288,110,0,3855,0,0,47,122,906,18,178,1,13,18,41,48,0,0,0,49,11,0,0,4,34,20,1,0,0,0,20,0,3,0,0,88,9,1,0,2,0,1,15,0,0,181,0,32,0,3,0,0,0,1,0,0,0,23,0,18,2,0,0,0,0,0,1,0,0
11808.3452.SALB.W2V11,156,3,4,18,12605,1,2243,5,3036,25,11579,950,12,4,1,5,79,343,1,1,17,29,300,17,64,1,1,0,1,14457,1070,0,98528,4,3,597,5169,30082,383,1373,12,6,419,20,4637,0,0,2,900,2032,0,2,65,735,19,13,150,0,0,8,7,31,0,0,1,32,11,0,0,0,19,396,0,5,1886,0,612,25,41,3,2,2,7,0,21,1,35,222,273,128,2,0,0,1,1,2,3,3
11808.3474.SALB.W2V11,253,0,1,90,30726,1,555,4,3212,16,3979,945,14,9,0,5,75,250,2,1,36,23,195,34,417,4,3,1,0,19628,490,0,89978,2,2,1294,4471,23202,266,518,15,10,484,81,1224,0,0,2,543,1277,0,2,118,375,65,11,167,0,0,21,12,18,1,0,49,41,6,0,8,0,15,293,1,1,505,0,893,7,29,3,0,1,6,2,4,0,33,103,36,37,2,0,0,4,1,0,1,5
11808.3496.SALB.W2V11,27823,0,15,4310,38942,8,94988,51,7752,347,249585,3428,29,14,2,30,1353,2224,12,21,79,109,4209,142,101,15,7,2,20,113565,18305,9,375707,24,6,7683,22580,61275,2399,20067,29,179,2699,2146,1132,0,0,6,5708,5868,1,11,501,483,460,63,515,4,3,107,50,170,5,0,6,1990,30,4,46,0,127,3324,4,64,1469,0,9601,159,246,21,588,8,17,6,502,19,1000,381,773,2134,15,3,1,70,1,9,71,20
11808.3519.SALB.W2V11,1642,0,1,266,32108,4,6766,38,3432,27,9055,1032,17,9,1,8,34,1116,67,16,49,34,1598,79,145,0,0,1,1,63494,5504,1,54837,2,0,2762,21292,24778,125,3769,27,3,1072,423,248,0,0,1,673,1313,0,1,311,346,44,8,448,1,1,7,30,19,0,0,7,33,3,1,38,0,13,124,1,12,273,1,3548,20,27,13,1,4,5,8,5,1,70,446,235,291,10,0,0,13,0,1,4,13
11808.3542.SALB.W2V11,160,0,3,48,4145,0,1321,4,1127,20,14721,118,6,1,0,1,39,123,5,0,8,3,74,5,18,0,0,0,0,3554,183,0,9360,1,0,105,1122,4051,43,1115,1,11,148,26,98,0,0,0,164,814,0,0,23,22,23,2,15,0,0,0,2,3,0,0,0,31,9,0,0,0,3,62,0,3,139,0,391,3,4,0,0,0,2,2,0,0,11,3,110,64,0,0,0,2,0,1,3,2
11808.3553.SALB.W2V11,6908,0,3,461,30470,3,15706,27,3169,87,119261,909,11,7,1,9,129,789,2,1,27,27,948,119,94,5,3,0,3,80102,5985,4,71141,4,1,8163,5955,15750,492,3781,9,28,923,843,182,0,0,1,1439,1578,1,5,513,71,192,19,326,0,4,0,46,41,0,0,8,340,39,1,0,0,31,356,1,15,622,1,6960,67,73,21,2,5,7,3,50,0,320,138,214,574,2,3,2,25,0,4,32,23
11808.3609.SALB.W2V11,1916,0,5,546,20577,2,9231,7,4449,134,26326,2320,15,3,1,7,657,1025,8,4,18,18,1712,25,39,3,0,3,2,21485,2569,2,77553,4,1,2564,9898,20535,192,1492,9,8,637,1341,145,0,0,2,889,1012,0,3,100,153,383,8,136,0,0,13,12,24,1,0,6,290,48,0,0,0,16,389,0,20,624,1,2829,63,39,5,1,2,4,2,16,0,34,17,545,416,2,0,0,18,1,1,9,4
11808.3610.SALB.W2V11,1929,0,5,10,26473,6,23891,15,3064,42,140823,319,13,5,0,12,42,494,13,6,52,38,288,84,32,0,1,1,0,58919,9814,5,27101,6,1,3036,5199,8918,290,2973,10,8,582,14,43,0,0,5,403,1628,0,5,319,39,124,16,299,3,2,7,52,32,1,0,0,49,2,1,0,0,38,26,2,3,24,1,2808,6,46,19,4,4,17,0,14,0,36,29,1279,502,1,3,0,33,0,6,39,15
11808.3632.SALB.W2V11,165,0,11,983,139855,0,2387,53,27243,150,2412,2450,61,30,16,41,682,3536,4,7,137,171,549,12,296,1,1,0,3,6556,2399,1,222625,25,2,353,28169,107246,583,980,64,39,2701,390,3553,1,0,7,2890,2761,3,11,37,1947,558,93,55,0,0,158,5,126,0,0,70,77,151,0,47,1,121,2658,0,107,2715,2,8340,29,161,1,15,0,21,11,15,0,243,7,147,113,19,0,0,1,0,0,2,2
11808.3654.SALB.W2V11,383,0,3,192,24557,4,13773,11,4626,80,24254,1397,23,7,0,6,250,922,1,2,42,47,1362,115,36,12,3,1,2,86433,3849,2,90368,2,1,2484,6906,56394,202,3021,8,28,590,159,145,0,0,4,1772,8007,0,2,444,203,21,8,519,2,4,64,49,20,2,0,4,71,5,0,0,0,11,111,2,21,646,0,3527,27,29,19,2,9,11,4,14,0,29,110,224,363,3,2,0,13,0,4,8,17
11808.3700.SALB.W2V11,677,0,0,571,19926,0,1371,8,3447,72,12756,306,173,468,1,8,570,732,4,0,144,90,188,6,59,0,0,1,0,5386,900,1,39849,4,2,268,4186,10051,135,165,5,44,496,370,748,0,0,0,747,1098,0,1,20,204,135,25,22,0,0,513,2,25,0,0,0,16,10,0,0,0,23,137,0,6,586,7,1937,18,33,1,1,0,5,0,3,0,122,3,108,77,1,1,0,4,3,2,4,1
11808.3812.SALB.W2V11,61,0,1,183,24487,0,804,18,6284,41,848,345,14,4,3,4,109,1373,5,2,26,24,140,9,60,2,0,2,0,8098,715,1,2450,4,0,236,13886,3765,28,537,20,9,463,66,12,0,16,2,287,181,0,2,49,112,43,12,27,0,0,3,6,18,0,5,0,30,6,0,0,0,17,109,0,10,141,0,1817,20,19,1,1,0,11,3,1,0,3,21,361,86,4,0,0,7,1,1,0,2
11808.3823.SALB.W2V11,729,0,4,345,35133,2,5463,11,2937,59,17109,854,28,18,0,8,119,1168,8,8,38,44,462,35,47,7,1,1,1,23145,1025,1,170842,3,1,458,19692,27852,446,1966,36,10,1631,762,494,0,0,3,1016,3009,2,1,128,257,168,13,162,0,1,2,21,20,0,0,0,84,5,0,32,0,18,561,0,8,534,1,2494,67,30,6,1,2,9,10,7,0,3,9,111,140,11,0,0,4,1,1,6,5
11808.3867.SALB.W2V11,1583,0,2,183,29453,0,2468,19,5017,20,19068,395,31,9,2,14,170,811,5,1,39,54,314,16,87,8,1,2,2,12097,824,1,102831,7,0,2182,10132,22590,218,548,19,10,1199,169,1010,0,0,1,493,767,1,4,64,331,86,25,72,0,0,6,10,44,0,0,0,80,9,0,4,1,41,343,1,9,162,1,1938,10,53,3,1,1,4,2,3,0,99,10,167,116,6,0,0,3,0,1,6,3
11808.3878.SALB.W2V11,457,0,2,261,18569,2,4824,5,10666,10,6861,3017,12,3,1,3,507,2531,2,3,24,16,1581,28,57,0,0,1,1,22865,7289,0,46815,2,0,1747,5467,44937,112,17115,6,21,929,310,842,0,0,2,961,1052,0,1,124,383,57,7,169,1,1,85,21,16,0,0,0,28,3,0,1,0,10,333,2,42,1310,1,1037,52,37,4,2,2,5,0,6,2,50,295,56,295,0,0,0,0,0,4,1,5
11808.3889.SALB.W2V11,3916,0,4,1020,31655,4,15862,19,3968,100,56320,946,18,6,2,9,800,1183,6,5,53,47,804,90,28,5,3,1,1,67412,3507,2,130334,6,2,4235,20167,36251,495,1857,31,46,708,671,819,0,0,2,1064,3122,1,5,380,242,607,18,439,1,2,1,46,42,3,0,2,568,47,1,0,0,26,1033,4,18,234,1,5647,10,72,16,1,8,4,4,12,4,177,179,218,533,8,0,0,19,0,6,17,18
11808.3957.SALB.W2V11,300,0,0,31,13852,1,305,3,1959,11,20093,706,9,3,1,4,18,1493,3,2,16,14,1358,25,18,3,0,0,0,15779,1826,2,12755,1,0,2017,17681,5523,21,1252,15,0,628,9,35,0,0,0,496,186,0,0,111,21,10,5,91,1,1,3,11,9,0,0,0,1,6,0,0,0,6,141,1,0,116,0,998,2,12,5,1,1,1,2,3,0,1,11,273,285,9,0,0,4,1,0,10,3
11808.3968.SALB.W2V11,660,0,1,255,17902,1,2575,4,1654,39,15671,535,8,5,0,5,59,948,2,1,31,16,336,21,12,1,0,0,1,15440,1681,1,4830,2,0,1161,2740,2097,44,3128,4,8,1224,167,9,0,0,0,221,628,0,1,93,34,48,8,120,0,0,9,5,13,0,0,0,21,2,1,1,0,13,34,0,2,68,0,1302,8,16,4,0,3,0,1,2,0,18,4,574,186,1,0,0,18,0,1,5,3
11808.3980.SALB.W2V11,128,0,0,15,2679,0,1839,2,128,5,9870,87,1,1,2,1,16,92,0,0,8,3,118,7,7,0,0,0,0,3038,624,1,1643,0,0,325,916,1077,17,454,2,4,193,4,1,0,0,0,45,102,0,0,21,5,4,2,8,0,0,0,2,2,0,0,0,6,0,0,0,0,2,9,0,0,4,1,385,10,4,0,0,1,2,0,2,0,5,10,79,68,1,0,0,3,0,0,4,1
11808.3991.SALB.W2V11,434,0,1,400,17626,0,1885,3,2181,49,6101,220,7,3,0,5,187,367,1,5,31,23,100,6,25,2,1,0,1,5309,434,0,10273,2,0,159,7776,7504,59,52,17,14,466,261,120,0,0,1,497,2409,0,1,23,97,46,9,31,0,0,3,4,18,0,0,0,28,5,0,0,0,11,84,0,4,205,0,1119,9,21,2,2,1,9,2,13,0,7,2,195,129,4,0,0,5,0,1,1,2
11808.4004.SALB.W2V11,1962,0,6,148,25978,4,48017,8,1629,18,70929,1308,13,7,1,9,84,202,1,3,31,30,1308,71,10,2,2,0,1,52074,15481,2,123329,4,1,2741,5625,38349,395,5402,10,10,1064,71,178,0,0,3,2068,2221,0,4,252,101,388,13,338,0,1,4,24,35,2,0,0,245,11,2,0,0,26,170,2,3,448,0,5525,60,62,11,1,4,10,1,20,1,73,63,280,2140,2,1,0,17,1,1,20,9
11808.4015.SALB.W2V11,236,0,0,195,7332,0,1319,2,1229,43,2095,448,9,2,0,1,206,499,2,0,35,9,81,1,24,0,0,1,2,1088,304,0,13234,1,0,93,2068,6063,33,248,3,24,250,214,150,0,0,0,298,553,0,0,6,135,100,3,4,0,0,38,1,8,0,0,0,49,52,0,0,0,4,126,0,5,215,0,346,24,5,1,0,0,4,1,1,2,58,0,39,29,3,0,0,1,0,1,0,0
11808.4026.SALB.W2V11,1854,0,1,258,26145,2,21780,9,2154,43,85162,1131,18,7,0,5,219,662,8,3,47,29,812,53,124,7,0,1,1,36045,11648,3,31584,3,2,3550,3736,13586,187,9354,6,20,859,229,62,0,0,1,912,1663,0,3,211,51,521,12,179,1,1,0,22,21,1,0,1,68,7,0,0,0,17,207,0,13,150,1,3359,141,43,6,1,2,2,3,12,2,162,49,345,846,1,1,0,28,0,3,26,4
11808.4037.SALB.W2V11,409,1,4,212,14607,2,5786,10,2221,47,85562,592,9,6,0,5,70,414,2,1,22,23,387,44,22,5,2,1,0,34390,3866,2,76762,4,1,838,6215,10443,229,829,9,3,424,121,214,0,0,1,702,1925,0,2,174,139,27,11,266,0,0,3,19,22,0,0,2,104,11,0,0,1,18,295,1,7,537,0,961,18,31,5,1,2,7,1,9,0,103,525,85,220,2,1,0,4,0,2,25,8
11808.4048.SALB.W2V11,3146,0,2,328,9427,1,4638,1,1416,78,6550,214,5,2,0,3,229,170,2,0,11,11,173,7,94,1,3,1,1,6205,909,0,49858,1,1,513,1960,10247,216,89,5,33,397,367,728,0,0,0,586,1531,0,1,41,231,138,5,37,0,0,9,2,11,1,0,0,171,39,0,0,0,6,461,0,5,271,0,1939,64,29,1,0,1,6,0,10,0,214,57,26,157,1,0,0,2,0,1,2,1
11808.4060.SALB.W2V11,601,0,5,95,20956,2,18018,10,3342,35,126781,998,17,7,0,8,189,736,20,148,46,21,570,49,44,4,3,2,0,36429,7035,3,45942,2,2,1599,8893,14241,119,3331,15,4,1084,352,79,0,0,2,897,2381,0,1,155,84,121,9,127,2,0,12,16,23,1,0,0,69,8,0,0,1,11,311,1,2,287,1,2810,96,33,8,1,4,6,2,16,18,18,50,171,527,5,0,0,11,0,2,33,9
11808.4105.SALB.W2V11,273,0,0,11,1607,1,1139,2,162,1,1626,84,1,0,0,2,2,24,0,1,29,4,104,8,17,0,0,0,0,3704,324,0,6730,0,0,73,262,1765,63,450,0,4,43,27,52,0,0,0,92,155,0,0,40,6,0,2,14,0,0,0,2,4,0,0,0,7,0,0,0,0,2,21,0,1,30,0,162,5,5,1,0,0,0,0,2,0,2,3,6,26,0,0,0,2,0,1,1,2
11808.4161.SALB.W2V11,8567,0,1,3865,17568,0,12421,6,1894,147,8154,1100,15,4,0,4,1121,434,24,3,21,18,427,17,29,4,2,2,1,15012,2640,0,62032,2,1,4177,3965,17316,593,348,7,135,627,2797,197,0,0,2,2045,511,0,1,74,214,477,6,83,0,0,1,16,20,0,0,0,420,14,1,27,0,14,508,1,33,749,0,2211,40,47,3,2,1,5,0,11,0,441,59,79,284,2,0,0,3,0,2,3,2
11808.4183.SALB.W2V11,598,0,7,211,10626,2,14010,7,2839,35,5748,1470,10,3,5,5,157,533,4,6,17,18,153,19,15,2,1,1,0,10406,1613,1,84558,2,2,1460,3142,16353,288,5379,8,3,561,19,1674,0,0,3,1472,3598,1,1,69,278,60,10,59,4,0,6,8,40,0,0,1,164,7,0,0,1,14,877,0,5,1334,2,1682,119,51,3,3,1,9,1,10,1,47,9,179,123,1,0,0,12,1,2,4,3
11808.4206.SALB.W2V11,2091,0,1,230,15777,3,4276,5,2816,23,15702,223,17,4,0,6,277,664,11,1,23,21,427,51,39,0,1,1,0,34930,1298,1,9258,1,0,2733,12394,4320,44,2658,12,30,680,763,11,0,0,0,339,194,0,2,217,78,126,8,239,7,1,192,42,10,0,1,0,72,13,0,26,0,9,125,1,4,48,1,2255,53,11,8,0,3,2,6,5,0,48,26,97,220,5,2,0,3,0,8,10,8
11808.4217.SALB.W2V11,15218,0,6,3535,38622,0,1565,5,13889,35,1079,1871,25,14,2,4,1483,1106,15,1,1185,33,188,3,156,0,2,3,3,1239,1396,0,121906,2,1,1066,10239,41635,2597,56,36,42,1059,3719,2828,0,0,8,2167,286,0,1,7,1044,272,10,7,0,0,588,0,26,1,0,18,376,205,0,170,0,13,968,0,76,2113,4,1130,101,43,0,5,0,5,7,12,0,609,12,54,73,12,0,0,6,1,4,1,0
11808.4239.SALB.W2V11,1272,0,8,4,24412,0,2405,20,15780,63,909,455,14,4,5,5,128,540,26,1,43,43,346,9,22,0,0,0,0,6430,1738,0,88567,5,1,315,2697,19467,247,1062,25,10,1035,12,936,0,0,1,884,854,0,2,54,234,32,19,37,0,0,90,7,28,0,0,0,105,4,0,0,2,25,1757,0,50,1060,1,2092,3,40,3,6,1,4,1,5,0,4,7,181,77,2,0,0,14,0,3,1,2
11808.4251.SALB.W2V11,400,0,2,60,7629,1,2489,2,1561,18,368,144,10,3,1,2,45,179,6,0,39,9,45,17,91,1,0,2,0,12544,194,0,27438,2,0,438,4463,8524,115,5,6,3,248,92,172,0,0,1,274,1410,0,1,80,108,4,4,130,0,0,32,14,8,0,0,0,23,1,0,0,0,7,76,0,3,46,0,1521,2,12,2,0,1,3,1,4,1,11,21,14,7,3,0,0,1,0,4,0,3
11808.4262.SALB.W2V11,474,0,2,140,4366,0,3099,2,947,4,14338,147,4,3,0,2,13,150,3,1,6,7,90,12,16,0,1,0,0,10861,1063,0,21026,0,0,460,2440,4615,56,695,4,3,110,28,8,0,0,0,234,673,0,1,73,13,11,3,46,0,0,8,6,11,0,0,0,67,4,0,1,0,4,31,1,0,107,0,456,1,11,1,0,1,0,0,4,1,26,48,123,73,2,0,0,5,0,3,3,2
11808.4273.SALB.W2V11,917,0,2,42,23568,5,2995,14,4181,30,79476,585,14,7,1,6,40,1914,9,2,32,22,584,57,31,4,0,2,1,39060,3419,3,27053,1,0,1736,8666,13616,96,4836,15,4,851,39,19,0,0,0,442,1276,0,2,228,17,21,8,141,4,1,1,40,10,0,0,0,30,4,0,3,0,8,105,2,1,107,0,1388,5,27,10,1,2,5,1,4,0,11,33,2545,466,4,0,0,11,0,5,22,9
11808.4307.SALB.W2V11,917,0,4,83,12804,3,25509,11,1981,80,5009,648,11,3,1,8,193,563,2,1,12,16,77,35,14,0,4,1,1,25432,1357,0,87489,2,0,799,6966,22524,338,1198,15,4,748,22,356,0,0,1,985,4332,0,2,125,100,223,9,131,1,1,17,16,31,1,0,1,123,5,0,0,0,13,680,1,5,645,1,3502,274,41,4,0,3,5,1,24,0,39,10,109,102,3,0,0,1,0,1,1,3
11808.4329.SALB.W2V11,694,0,1,658,32436,1,1667,8,4362,62,4046,2033,13,10,0,6,306,2210,8,42,34,27,108,14,52,4,2,1,1,9720,1874,0,8829,3,1,771,5180,6964,38,288,10,1,563,192,76,0,0,0,595,599,0,1,61,69,71,11,55,0,0,33,7,15,0,0,4,6,1,0,0,0,14,22,0,6,594,1,455,48,20,2,5,1,2,1,4,0,78,14,74,43,4,0,0,1,1,1,1,2
11808.4419.SALB.W2V11,64,0,0,24,902,0,1077,1,465,0,2361,148,2,0,0,1,5,213,1,0,3,1,20,2,9,0,0,0,1,1501,867,0,5272,0,0,400,440,1570,25,390,1,5,13,53,24,0,0,0,53,151,0,0,5,20,21,1,6,0,1,1,0,3,0,0,0,15,9,0,0,0,2,77,0,0,189,0,90,16,4,1,0,0,0,0,2,0,15,1,97,90,0,0,0,1,0,0,0,0
11808.4420.SALB.W2V11,239,0,1,49,12780,2,2260,6,2430,1,2758,302,8,4,1,3,145,521,2,0,63,17,137,27,14,0,0,0,0,24157,766,0,5780,1,1,596,5298,5402,25,1004,10,25,333,6,85,0,0,0,149,519,0,2,119,97,3,6,117,0,0,46,15,11,0,0,0,7,1,0,0,0,9,152,0,4,258,0,1083,0,13,4,1,4,5,1,1,0,1,592,49,25,2,0,0,0,0,0,0,3
11808.4442.SALB.W2V11,495,0,6,132,24844,1,20257,6,4160,72,11697,833,11,4,2,2,429,990,3,1,28,18,379,44,23,1,1,1,1,24085,10850,0,40201,6,0,4594,4538,19234,149,5804,6,83,467,60,545,0,0,3,674,1606,1,3,121,163,318,4,158,0,1,24,10,23,0,0,0,109,11,1,0,0,9,224,1,19,373,0,6813,174,40,8,1,2,6,0,23,0,23,18,562,2804,1,2,0,12,0,1,4,7
11808.4521.SALB.W2V11,1564,0,7,600,18542,1,7599,5,3797,294,63999,963,13,7,1,2,396,708,8,3,36,26,466,16,112,4,4,2,0,11001,2601,2,133268,2,3,684,11559,27369,410,2286,18,71,991,1582,1707,0,0,2,1899,3427,0,1,80,461,152,5,48,1,0,4,11,26,1,0,0,71,12,0,1,0,10,463,1,15,1207,0,2002,122,39,1,0,0,3,4,24,1,14,164,137,367,6,3,0,62,1,8,18,2
11808.4532.SALB.W2V11,906,0,1,283,5961,1,4967,4,1699,108,20382,932,13,3,0,2,542,1155,10,1,25,10,307,15,52,1,1,2,0,9289,2369,1,41190,2,1,1581,3196,6949,123,4045,4,56,416,404,263,0,0,0,336,974,0,0,56,189,228,5,52,1,0,74,2,12,1,0,2,126,48,0,10,0,10,355,0,25,459,0,634,77,19,3,1,1,2,0,4,0,104,99,119,197,1,0,0,4,0,6,8,6
11808.4565.SALB.W2V11,1874,0,1,418,59384,1,3281,5,6334,149,11685,2641,18,14,0,7,116,3894,1,0,80,41,2396,21,18,4,1,0,2,15601,5154,2,21991,1,0,1251,30484,13613,51,1595,27,9,1287,194,111,0,0,1,636,1297,0,1,95,112,143,13,85,0,0,8,16,18,0,0,333,52,5,0,10,0,8,171,0,11,1260,2,2623,0,39,2,2,1,1,7,7,0,5,50,2795,1563,18,1,0,34,1,0,5,2
11808.4611.SALB.W2V11,650,0,4,86,14997,1,8608,25,2940,37,19798,491,9,4,1,5,63,459,3,2,24,16,106,26,31,13,1,1,1,15447,4709,0,33415,4,1,592,7536,18044,152,1083,9,4,603,61,99,0,0,2,698,1586,1,2,88,65,125,10,71,0,0,2,8,26,0,0,3,57,54,0,0,1,20,260,1,4,412,1,1733,14,35,3,2,2,9,1,9,1,82,79,215,344,2,0,0,7,0,2,7,1
11808.4622.SALB.W2V11,285,0,3,33,6877,1,4272,6,3547,45,14043,194,10,2,3,5,8,567,5,5,17,16,153,12,24,0,1,1,0,10410,676,0,106318,2,1,218,3058,19198,283,701,5,8,635,39,1602,0,0,1,520,3016,0,1,51,210,21,9,60,0,1,1,5,22,1,0,0,102,3,0,0,0,11,613,0,3,1019,0,833,10,32,2,1,0,6,2,1,4,10,163,59,52,2,0,0,1,0,3,3,2
11808.4655.SALB.W2V11,937,0,0,182,2943,0,648,0,2017,6,268,500,5,1,0,0,115,341,2,1,25,3,29,1,284,0,0,0,3,973,135,0,11194,0,0,69,1307,1916,65,260,3,23,75,918,246,0,0,0,359,36,0,0,9,93,62,0,3,0,0,4,1,2,0,0,1,32,22,0,26,0,2,109,0,5,118,0,131,85,8,0,0,0,4,0,2,0,233,3,14,20,0,0,0,1,0,1,0,0
11808.4666.SALB.W2V11,358,0,1,1455,9415,0,2584,51,2222,165,866,842,8,4,1,2,550,722,4,0,13,9,175,12,145,2,1,1,0,9301,1967,0,13142,3,0,375,2672,5987,82,1033,7,41,303,405,523,0,0,0,1162,575,0,1,69,174,154,7,47,0,0,27,8,21,1,0,134,70,4,0,0,0,12,265,0,28,438,0,2371,64,73,3,1,1,3,0,5,0,11,17,63,58,2,0,0,2,0,2,0,2
11808.4677.SALB.W2V11,181,1,1,172,19809,2,3491,4,884,6,27591,285,16,3,2,3,80,535,10,3,29,24,256,34,39,1,0,1,58,22306,1531,1,10374,1,0,1147,6667,9059,42,1423,6,3,433,109,8,0,0,0,317,296,0,1,144,25,51,6,151,0,0,7,9,15,0,0,0,25,13,0,6,0,8,101,0,7,179,0,1588,23,18,5,1,2,2,1,8,0,67,28,153,131,1,0,0,4,0,3,6,5
11808.4688.SALB.W2V11,362,0,0,60,1309,0,876,0,215,4,4724,22,0,0,0,0,10,51,2,0,3,0,48,4,11,6,0,0,0,2569,347,0,1218,0,0,323,637,483,18,45,2,2,53,77,1,0,0,0,48,48,0,0,12,4,20,1,14,0,0,0,1,0,0,0,0,19,0,0,0,0,1,10,0,0,1,0,293,0,2,0,0,0,2,0,3,0,44,3,54,77,0,0,0,0,0,2,2,1
11808.4712.SALB.W2V11,507,0,1,219,11053,1,4814,4,5417,40,24352,735,13,3,4,3,250,400,3,0,32,23,463,35,124,0,3,0,1,19184,649,1,55804,2,0,478,5684,10402,180,2268,7,8,779,162,261,0,0,1,468,1383,0,1,148,177,13,7,58,2,0,175,10,8,1,0,0,49,8,0,0,0,7,261,0,12,511,1,1585,17,22,4,4,1,2,1,5,0,44,11,213,120,1,0,0,4,1,2,5,4
11808.4734.SALB.W2V11,297,0,2,491,45085,1,5060,7,4988,28,12776,1332,18,13,0,10,362,1536,38,32,28,67,224,23,31,0,1,0,1,19627,977,0,25139,5,1,1042,21008,35354,65,3957,264,3,797,369,836,0,0,2,1016,2589,1,3,95,225,165,15,134,0,1,4,9,27,3,0,0,15,4,1,0,0,31,227,0,44,654,3,4155,117,31,5,1,2,5,6,5,1,4,54,65,176,8,0,0,2,0,0,7,61
11808.4745.SALB.W2V11,799,0,4,15,45843,4,26423,30,4366,83,144400,223,26,15,1,24,90,1653,11,27,78,84,884,144,34,114,0,1,0,74364,26671,5,31926,12,3,2338,23904,19654,133,5738,23,7,1982,119,572,0,0,2,3050,1631,1,8,879,45,244,43,313,4,1,5,38,62,0,0,0,59,10,1,1,0,58,238,2,3,444,1,6861,89,78,12,6,8,11,7,34,21,59,537,522,1574,13,1,0,18,0,6,47,136
11808.4756.SALB.W2V11,1039,0,3,1853,22166,1,5919,10,4441,101,10847,1061,19,16,1,5,662,882,11,85,101,36,1007,30,398,0,1,0,0,26164,1741,1,44004,2,1,1887,25113,16156,277,205,35,85,613,1074,162,0,0,1,1267,1692,0,2,145,898,250,12,111,0,4,461,29,22,3,0,0,47,12,1,40,0,13,512,0,23,1747,1,3376,29,32,5,1,2,5,5,10,1,78,276,165,214,10,0,0,9,1,0,2,6
11808.4778.SALB.W2V11,314,1,6,22,53744,1,3385,70,2345,40,71167,48,18,10,1,35,117,419,4,1,313,121,244,26,62,8,1,0,2,20946,459,1,100450,26,1,720,11556,21363,251,776,16,17,1859,18,246,0,0,3,175,875,1,13,142,169,75,86,79,0,0,97,39,122,1,0,0,97,13,1,0,0,126,1061,0,5,14,1,5928,3,139,4,4,2,16,4,7,1,11,107,90,253,7,1,0,8,1,0,20,4
11808.4802.SALB.W2V11,944,0,3,726,34234,2,32966,13,5906,57,19233,1172,17,10,1,11,228,388,4,1,59,35,262,58,153,2,1,1,5,43005,1531,3,103991,5,0,1398,12848,35514,260,169,22,48,1136,357,1038,0,0,2,775,2055,1,3,218,269,208,20,212,0,1,21,14,44,2,0,0,233,16,0,16,0,29,860,1,5,409,2,5963,18,62,7,2,4,7,7,38,0,277,107,88,187,9,0,0,14,0,5,5,8
11808.4813.SALB.W2V11,228,0,0,17,4578,1,2337,1,436,2,1419,72,1,0,0,1,26,57,1,0,8,2,39,9,16,0,0,0,0,5925,459,0,13055,0,0,324,1358,3271,59,231,4,7,104,31,35,0,0,0,66,180,0,0,42,22,15,2,60,0,0,0,14,5,0,0,0,21,2,0,0,0,3,33,0,2,18,1,449,0,6,1,0,1,1,0,2,0,15,20,14,41,0,0,0,1,0,0,1,1
11808.4824.SALB.W2V11,157,0,3,17,20943,0,7992,7,7081,14,3930,1547,14,5,1,10,99,77,4,0,17,27,46,20,62,0,1,1,1,18837,1293,0,69177,4,1,602,4628,39639,264,1050,9,2,692,24,4502,0,0,1,788,883,0,4,97,297,61,15,124,0,0,11,22,30,0,0,2,154,7,0,0,0,22,491,0,8,1484,1,3105,15,44,3,4,2,1,1,4,0,8,20,20,68,5,0,0,0,0,2,2,4
11808.4835.SALB.W2V11,4558,0,6,1791,32555,1,15311,15,3969,85,69180,714,18,9,0,7,477,390,13,2,17,31,464,67,141,4,1,2,1,47383,1124,2,82822,3,0,1262,28446,27788,246,537,42,39,1315,1822,565,0,0,3,1423,3840,0,1,228,274,397,13,309,0,1,3,17,30,0,0,2,325,17,0,39,2,12,813,1,43,494,1,6071,141,55,10,4,4,2,6,14,0,20,63,169,319,16,0,0,12,1,3,18,10
11808.4903.SALB.W2V11,461,0,9,146,40090,1,14238,15,5736,69,11237,2231,34,14,1,15,133,1988,1,1,49,52,724,20,49,0,1,0,1,18781,1798,0,138496,8,2,599,26403,48581,296,3451,32,30,1865,87,1891,0,0,5,1429,4799,0,4,90,504,253,26,90,0,0,8,10,66,2,0,8,432,18,0,1,1,36,1572,0,24,1693,2,7734,256,109,4,2,2,12,5,21,0,79,17,338,139,8,1,0,10,2,1,4,6
11808.4925.SALB.W2V11,135,0,1,188,8308,0,1634,3,2011,36,2813,239,4,1,0,1,102,500,4,7,13,11,1158,7,7,0,0,0,0,3123,2134,0,3909,0,0,450,3706,4368,27,841,7,11,479,93,75,0,0,0,228,244,1,0,19,48,66,3,21,0,0,35,3,4,0,0,0,39,14,0,0,0,2,84,0,0,239,0,460,33,7,0,0,0,1,1,1,0,4,4,95,156,0,2,0,1,0,0,2,1
11808.4969.SALB.W2V11,249,0,1,111,4797,2,3821,1,1310,45,16730,614,7,2,0,1,29,401,6,2,7,11,221,11,23,0,1,0,1,9122,1385,1,17042,1,0,509,2753,4991,49,799,5,4,269,29,150,0,0,1,908,743,0,0,65,19,19,1,59,0,0,1,14,10,0,0,0,15,12,0,0,0,2,244,1,0,504,0,763,8,19,1,2,1,3,1,6,0,25,4,135,202,1,0,0,4,0,2,3,2
11808.4970.SALB.W2V11,628,0,10,244,21983,0,16498,7,8397,75,9736,1557,16,6,9,8,821,594,4,1,71,22,862,28,317,6,4,1,2,18925,2282,0,204970,3,4,1605,2823,77782,703,383,13,38,1092,220,12393,0,0,3,2613,3287,1,2,113,898,120,11,119,0,1,105,23,41,3,0,42,141,17,1,5,0,15,2465,1,23,4210,1,2885,23,87,4,2,3,13,2,21,0,148,57,42,152,3,0,0,12,0,3,3,5
11808.4992.SALB.W2V11,1230,0,2,99,16633,2,2677,5,4520,15,30862,1104,15,3,1,5,102,1674,1,1,15,16,398,27,38,2,0,1,0,15231,1351,1,32621,3,1,1978,5600,14631,105,1450,8,9,280,203,876,0,0,2,1039,1096,0,1,115,104,30,7,92,0,0,31,8,15,1,0,78,8,10,0,0,0,11,152,1,1,624,1,1145,31,19,4,1,2,3,1,11,0,35,35,319,238,5,0,0,8,0,8,11,6
11808.5005.SALB.W2V11,36,0,2,74,29681,0,113,5,4428,16,769,357,14,7,1,3,35,76,6,1,633,24,1024,4,369,0,0,2,0,2062,267,1,9326,2,0,94,5054,10506,21,2,17,1,404,1,525,0,0,1,234,73,0,1,10,173,5,8,10,0,0,107,2,9,0,0,4,15,5,0,0,0,8,3,0,9,17,0,180,2,16,0,1,0,6,3,1,0,5,1,124,11,4,0,0,0,0,1,1,1
11808.5016.SALB.W2V11,343,1,1,119,38351,3,4712,8,4546,38,17540,572,17,7,1,6,315,1580,5,1,46,36,665,60,53,0,0,0,1,50362,1243,1,34025,4,0,2794,18806,21903,93,1107,31,30,922,235,146,0,0,1,235,1103,0,2,246,162,37,14,388,0,1,256,22,29,2,0,0,72,16,0,0,0,22,26,1,4,72,1,2709,9,39,13,3,4,1,5,6,0,87,46,128,260,12,0,0,9,1,4,6,12
11808.5027.SALB.W2V11,1261,0,0,218,5672,1,5126,7,1137,21,7603,794,6,2,1,1,49,299,2,0,54,7,49,9,50,4,0,1,1,6715,1583,1,3431,1,0,466,2791,2713,49,176,3,4,154,326,4,0,0,0,470,346,0,1,43,7,92,3,30,0,0,0,5,5,0,0,0,49,1,0,5,0,3,79,0,2,69,0,1246,20,11,1,1,1,6,0,5,3,22,8,77,75,1,0,0,11,0,0,2,1
11808.5038.SALB.W2V11,469,0,0,175,3256,1,328,0,359,16,2023,182,9,0,0,0,10,133,4,0,8,1,88,7,92,1,0,1,0,2181,360,0,1000,0,0,344,507,227,14,29,1,0,30,126,5,0,0,0,125,49,0,0,26,2,26,1,18,0,0,0,5,2,0,0,0,31,3,0,0,0,1,16,0,0,68,0,323,0,4,1,0,1,0,0,0,0,36,9,11,14,0,0,0,0,0,2,0,1
11808.5061.SALB.W2V11,179,0,2,307,19681,0,1935,6,1484,24,6163,870,8,5,1,2,40,446,0,3,24,22,80,13,4,0,0,0,1,9217,1740,1,5327,2,0,749,5128,3162,17,930,9,3,236,29,39,0,0,1,250,587,0,1,52,17,7,7,44,0,0,1,6,8,0,0,0,5,1,0,6,0,9,57,0,0,114,1,1385,4,13,2,1,1,2,2,5,0,43,51,90,188,3,0,1,2,0,0,2,2
11808.5117.SALB.W2V11,2513,0,3,1143,37967,2,10397,3,12397,66,14187,4115,12,7,4,7,52,2297,5,1,52,26,400,33,68,4,1,2,1,13499,6858,1,13622,1,0,9432,3029,11686,74,3132,14,9,1144,628,656,0,0,3,750,602,1,1,122,172,142,6,95,0,1,37,8,15,1,0,25,75,28,0,0,0,7,278,1,11,235,1,2467,64,28,4,3,2,6,2,44,0,204,38,209,542,3,2,0,17,0,9,8,5
11808.5128.SALB.W2V11,506,0,12,470,95010,1,8845,9,18012,155,36856,4067,23,29,2,10,206,3855,4,8,45,51,415,51,81,1,1,0,1,34889,4138,1,87777,6,5,2440,32069,46089,464,13123,45,42,1098,467,1489,0,0,5,1908,6394,1,3,166,819,118,18,182,1,2,33,11,61,2,6,4,163,39,0,28,1,23,1887,1,36,1575,1,5283,64,88,9,6,3,21,7,14,1,83,382,585,358,13,0,0,4,1,1,11,9
11808.5139.SALB.W2V11,509,1,5,223,16907,0,7386,8,4208,61,32813,1648,9,3,0,2,192,819,7,3,13,20,249,19,44,3,1,2,2,15338,3522,1,55650,2,2,1056,5422,13688,279,2192,10,5,1099,127,283,0,0,3,1423,1513,1,1,82,156,58,5,79,0,0,6,7,24,2,2,2,193,18,0,0,0,6,496,0,4,1458,0,1009,22,38,3,1,1,9,2,15,0,40,28,198,165,3,0,0,6,0,3,11,4
11808.5151.SALB.W2V11,1021,0,1,207,28042,0,3755,4,3717,75,4955,1413,12,21,0,6,195,1341,3,0,99,21,355,25,36,7,0,0,0,13384,2179,0,33673,3,1,2330,7461,9270,148,463,14,23,1872,387,104,0,0,2,740,659,1,2,114,135,48,13,91,1,0,13,15,18,0,0,0,44,17,0,2,0,11,310,1,2,358,1,2025,4,27,3,0,2,7,1,3,0,55,19,112,184,3,0,0,4,0,1,2,2
11808.5207.SALB.W2V11,214,0,2,250,8068,1,3468,66,2839,59,5531,364,12,68,2,2,250,449,2,20,40,13,96,6,162,5,0,1,0,5629,413,0,20714,1,0,165,1941,7072,64,207,3,30,275,255,129,0,0,1,460,981,0,1,27,206,25,4,34,0,0,39,4,10,2,0,0,56,2,0,0,0,6,188,0,2,782,0,625,56,30,1,1,0,1,0,6,0,31,1,35,44,1,0,0,3,0,0,3,0
11808.5229.SALB.W2V11,285,1,0,4,9072,1,3687,6,2026,9,12679,868,8,2,0,3,45,1032,1,1,18,17,761,12,37,2,0,1,0,11077,2533,1,7293,1,0,616,6405,4757,41,1585,8,3,487,2,81,0,0,0,443,485,0,1,51,48,11,6,78,1,0,2,6,8,0,0,0,8,2,0,0,0,6,58,0,1,178,1,940,0,11,2,1,0,9,0,2,1,6,47,119,188,3,0,0,6,0,0,6,2
11808.5263.SALB.W2V11,488,0,11,361,28405,1,15074,16,4982,176,105340,1130,16,7,0,11,17,2285,2,0,36,38,593,24,16,2,2,1,3,21910,10852,3,76504,12,2,1132,9604,19414,321,378,17,8,815,34,861,0,0,2,4331,1437,0,2,122,185,133,25,85,0,0,1,10,70,0,0,0,145,15,0,0,0,40,630,0,12,1907,1,2386,120,97,3,2,2,11,3,15,0,38,30,213,408,5,1,1,12,0,1,21,4
11808.5274.SALB.W2V11,27236,0,16,7489,33560,2,31605,11,12017,269,16764,5779,18,33,3,4,2333,935,7,1,296,23,186,39,220,3,7,2,15,23022,3953,0,225462,3,1,6434,19597,34620,840,250,35,150,589,5526,6643,1,0,9,3225,5590,1,5,151,837,561,6,128,0,0,37,31,70,4,0,13,753,125,1,94,0,15,4759,1,28,2126,0,8047,132,131,4,2,4,20,6,28,0,1834,20,52,318,11,1,0,8,1,3,5,4
11808.5285.SALB.W2V11,830,0,17,209,19533,2,14574,182,10939,193,13083,2371,12,6,2,20,284,1144,5,1,52,75,407,52,47,3,3,1,5,34156,1699,0,167616,19,4,2251,6647,34386,679,1080,19,39,1481,53,3431,1,0,7,2089,4729,2,7,199,465,33,48,251,0,0,7,19,118,2,0,11,373,31,0,0,0,81,3330,1,39,2075,1,1281,8,159,7,4,3,21,2,36,0,55,201,43,139,6,0,1,5,2,2,5,10
11808.5296.SALB.W2V11,1419,1,0,326,2607,0,876,2,312,18,1083,124,2,0,0,1,93,87,2,0,3,2,10,2,47,0,0,0,2,1106,110,0,2842,0,0,125,301,678,41,11,1,4,20,271,1,0,0,0,283,165,0,0,7,8,30,1,3,0,0,0,1,3,0,0,0,28,6,0,10,0,3,26,0,2,71,0,106,13,6,1,0,0,0,0,0,0,122,4,13,19,0,0,0,0,0,1,0,1
11808.5342.SALB.W2V11,141,0,1,17,1678,0,354,0,159,5,1957,104,1,1,0,1,14,22,1,0,2,2,37,2,7,1,0,0,0,1196,118,0,6156,0,0,74,692,1587,8,39,1,0,38,24,152,0,0,1,84,64,0,0,7,14,5,0,9,0,0,0,1,3,0,0,4,5,0,0,0,1,1,36,0,0,76,0,127,0,4,0,0,0,1,1,2,0,8,10,6,16,0,0,0,0,0,0,1,0
11808.5353.SALB.W2V11,684,0,0,219,2110,0,2227,3,667,20,8109,358,2,0,0,0,31,155,2,0,2,4,79,3,6,1,0,0,0,1817,574,0,10713,0,0,353,457,1517,155,220,2,6,99,94,183,0,0,0,387,158,0,0,15,14,95,2,5,0,0,0,1,5,0,0,0,46,1,0,0,0,2,144,0,0,35,0,305,0,6,0,0,0,2,0,6,0,47,2,23,106,0,0,0,6,0,0,4,0
11808.5375.SALB.W2V11,1284,0,2,365,40664,0,7232,13,5573,202,64365,731,18,10,1,6,132,4677,1,0,46,37,467,13,50,1,1,1,8,9912,4909,2,13390,5,0,1516,28538,7614,60,905,31,7,1670,244,68,0,0,3,1090,2787,0,3,52,84,142,14,73,0,0,73,6,21,2,9,0,136,4,1,14,0,20,150,0,15,329,4,6856,12,41,2,7,1,14,7,8,0,100,38,276,1007,13,0,0,7,2,8,24,2
11808.5386.SALB.W2V11,913,0,6,437,39371,3,12431,19,11987,68,39479,5249,29,9,1,34,427,3125,9,7,284,64,718,48,149,6,1,3,5,26511,9212,1,70427,13,7,2880,21719,24223,312,5909,27,48,1580,584,1402,0,0,3,1611,1145,1,7,155,370,548,48,201,1,0,7,20,77,0,0,0,149,79,0,0,0,69,1288,1,54,1205,1,5774,54,106,4,3,4,17,6,8,0,21,11,1341,808,6,2,0,6,0,10,14,6
11808.5409.SALB.W2V11,119,0,1,212,19430,0,1432,6,2224,27,1684,142,8,4,2,6,75,396,0,0,16,18,184,10,43,1,0,0,0,9060,703,0,2860,2,0,215,8278,3585,26,181,11,6,462,73,17,0,0,1,237,451,0,1,41,64,44,10,35,0,0,5,4,15,0,0,0,14,17,0,0,0,13,126,0,4,71,1,2012,22,21,1,1,1,1,1,1,0,17,11,324,40,4,0,0,1,0,0,0,1
11808.5421.SALB.W2V11,2461,0,7,57,22005,3,38890,5,3383,99,18364,1855,21,5,2,8,201,1232,5,1,42,32,376,47,20,9,5,0,3,33626,5646,4,96270,3,2,1528,6711,28077,324,5045,10,18,1248,111,214,0,0,3,1323,2895,0,2,179,122,137,12,188,0,1,2,10,39,1,0,0,243,7,3,1,0,27,167,1,2,578,1,4578,90,58,6,0,3,15,1,39,2,37,24,338,292,4,0,0,10,0,3,6,7
11808.5476.SALB.W2V11,3403,0,9,1053,26368,5,33481,53,2592,64,56082,712,18,9,2,16,279,561,2,2,75,89,298,133,28,46,2,1,14,98264,20013,3,53456,11,2,3064,12810,29931,433,204,19,11,350,736,208,0,0,1,3775,3563,1,7,453,88,238,30,486,0,1,8,50,80,1,0,2,136,57,1,5,1,52,1233,2,12,514,0,6058,142,92,14,4,8,19,3,32,0,301,78,319,1493,9,1,0,32,0,2,17,16
11808.5487.SALB.W2V11,2849,0,10,3012,25008,0,3848,5,8292,184,4583,1748,19,8,0,9,612,3256,9,0,98,30,855,16,45,2,6,1,4,11796,4420,1,132610,2,1,1452,14047,26449,443,1298,15,97,1479,1718,1734,0,0,4,4288,2725,0,1,58,476,624,11,64,0,0,4,9,34,1,0,0,504,114,0,39,0,8,2736,0,20,2961,4,2882,41,62,4,3,1,10,2,13,0,198,8,207,261,7,0,0,2,1,2,3,3
11808.5500.SALB.W2V11,127,0,1,704,5745,0,1375,2,1908,20,18345,201,5,1,0,1,67,376,1,0,9,10,84,12,16,1,0,0,0,8158,428,1,11431,1,0,331,1650,2952,39,863,2,9,151,42,78,0,0,0,458,360,0,0,38,70,13,3,51,0,0,36,8,4,0,0,0,41,1,0,0,0,3,164,0,14,68,0,974,19,12,1,0,1,3,0,1,0,12,82,79,69,1,0,0,4,0,1,5,1
11808.5577.SALB.W2V11,756,0,125,448,42901,4,21034,19,5912,252,83179,9565,15,6,1,14,106,1644,2,3,34,47,459,41,11,2,4,0,8,33702,10075,2,63474,13,18,2115,20848,9795,347,999,31,55,1119,49,471,1,0,12,5263,4901,1,4,165,232,119,27,165,2,1,0,16,128,8,0,0,324,31,0,1,0,78,1052,0,16,7555,3,3995,148,225,7,3,2,59,6,63,0,119,40,472,477,10,0,0,14,2,0,20,7
11808.5599.SALB.W2V11,2747,0,2,577,46087,0,2590,20,5853,51,9554,1592,25,8,1,13,155,1694,5,2,30,47,548,16,99,0,0,0,0,8760,1642,0,48971,5,2,940,18647,28323,192,520,51,8,1558,492,1135,0,0,2,1129,2254,1,3,46,311,97,29,46,0,0,4,3,31,0,0,0,101,12,0,6,0,29,983,0,12,561,2,5917,27,68,2,2,1,6,10,6,0,73,6,72,147,15,0,0,4,1,7,5,2
11808.5612.SALB.W2V11,78,0,0,36,4285,0,837,1,558,9,1597,528,14,1,0,1,29,61,12,2,23,3,18,6,49,0,0,1,2,4492,150,0,5441,0,0,143,842,2122,13,205,1,3,155,41,105,0,0,0,403,377,0,0,17,33,0,1,20,0,0,0,10,4,0,0,4,20,1,0,0,0,1,120,0,4,194,0,612,0,8,1,0,0,2,0,1,0,5,1,0,15,0,0,0,3,0,3,0,1
11808.5623.SALB.W2V11,1221,0,1,1787,9378,1,4060,5,1748,121,36227,957,11,1,0,3,215,578,4,9,18,12,201,17,43,3,1,2,22,10672,1483,1,14045,2,0,987,4782,3852,60,1125,9,3,288,713,34,0,0,2,238,588,0,1,90,52,166,7,42,0,1,0,4,19,0,0,0,420,8,0,10,0,8,170,0,14,407,0,1350,3,25,1,1,1,2,1,5,0,276,41,101,236,2,0,0,2,0,4,10,2
11808.5634.SALB.W2V11,41,0,3,163,3381,0,292,3,649,7,13,40,3,1,0,1,105,16,1,0,18,7,12,0,13,0,0,0,0,671,34,0,2233,2,0,42,1393,1703,9,0,1,10,146,58,72,0,0,0,161,81,0,0,3,88,10,3,3,0,0,11,1,6,0,0,0,1,1,0,0,0,6,69,0,4,10,0,228,0,6,0,0,0,0,0,0,0,6,0,0,2,0,0,0,0,0,0,0,0
11808.5656.SALB.W2V11,88,0,0,22,2433,0,839,1,561,3,1807,107,1,0,1,3,14,139,2,0,4,3,55,3,5,3,0,0,0,2024,277,0,2106,1,0,167,723,1157,21,23,1,3,47,29,65,0,0,0,119,75,0,0,14,9,10,1,16,0,0,2,2,1,0,0,0,10,0,0,0,0,1,62,0,2,69,0,469,4,5,1,0,0,0,0,1,0,3,19,62,12,0,0,0,1,0,0,1,0
11808.5667.SALB.W2V11,1350,0,2,1785,26962,0,34724,10,3719,144,62550,1839,20,10,14,7,89,502,5,1,35,36,162,27,31,4,5,1,2,17567,19559,2,30844,4,0,1003,7476,9228,265,2200,12,7,1160,345,30,0,0,1,2970,1217,1,3,114,35,105,14,66,0,1,6,7,48,3,0,0,99,27,1,2,0,19,484,1,11,1496,2,6227,45,102,4,1,1,12,2,28,1,204,30,230,580,3,1,0,9,1,2,14,3
11808.5689.SALB.W2V11,126,0,0,108,13408,0,379,22,904,6,2412,99,6,2,0,2,110,79,6,5,10,5,31,9,17,1,0,1,0,4461,71,0,2642,2,0,259,1834,4105,10,174,5,16,121,49,31,0,1,1,144,372,0,0,27,23,39,2,35,0,0,1,5,6,0,2,0,45,30,0,0,0,4,86,0,0,13,0,824,14,9,1,0,0,1,1,0,0,59,2,15,12,1,0,0,1,0,2,1,0
11808.5690.SALB.W2V11,2049,0,1,415,12441,0,5008,6,1240,24,5413,209,15,2,2,1,97,101,14,0,13,6,66,11,52,1,1,1,1,8308,1264,0,13258,1,0,794,1494,4006,86,214,2,15,270,964,191,0,0,0,1038,334,0,2,55,37,54,2,34,0,0,2,7,12,0,0,0,82,7,0,3,0,2,285,0,3,65,0,1451,18,21,1,0,0,5,0,5,0,238,29,15,74,1,1,0,9,1,6,1,1
11808.5702.SALB.W2V11,5118,0,3,1527,44562,5,25547,13,3971,113,14303,1113,22,14,1,11,461,1004,6,1,64,47,370,137,103,14,1,1,3,72867,1795,3,60467,9,3,11691,31209,22942,186,773,69,38,1943,1252,243,0,1,1,1512,1266,0,4,444,144,696,26,409,0,4,1,47,50,1,0,1,333,26,1,18,0,37,344,3,16,568,3,9020,21,70,21,5,9,9,12,14,1,432,176,319,902,19,1,0,27,1,2,7,19
11808.5724.SALB.W2V11,549,0,0,284,15646,0,3374,8,3664,76,45905,624,10,7,0,3,135,2482,3,0,58,9,1054,13,42,5,0,1,0,8873,4036,1,10460,2,1,1960,8531,9117,39,5889,8,44,818,85,94,0,0,1,769,1135,0,1,55,123,188,4,73,0,0,10,10,16,0,0,0,83,7,0,0,0,10,79,0,11,228,0,2460,49,30,3,1,1,3,2,4,0,21,97,229,404,1,0,0,3,0,3,15,2
11808.5735.SALB.W2V11,500,0,5,189,13923,3,7150,25,4373,21,7473,1140,12,3,9,2,36,423,6,0,57,15,133,31,121,0,1,0,1,13825,3513,0,12557,4,0,1911,6479,7160,85,878,13,4,368,58,310,0,0,2,1121,906,0,1,85,60,65,6,63,0,0,20,7,19,1,0,0,58,2,0,0,0,11,429,1,6,219,0,1767,18,31,3,7,1,2,1,10,0,40,18,38,132,2,0,0,2,0,7,3,1
11808.5791.SALB.W2V11,394,0,4,680,25395,0,5523,4,9847,50,40714,4601,15,7,1,4,82,3890,4,18,93,24,364,28,135,22,1,1,3,22997,1678,1,67024,3,1,1091,18459,23720,233,9371,18,64,447,373,392,1,0,5,1793,2929,2,1,105,192,17,8,116,10,1,105,16,25,2,0,0,89,9,0,15,0,13,1005,1,9,2031,0,1474,10,40,3,2,2,5,4,14,0,25,115,243,237,10,0,0,1,1,1,12,3
11808.5814.SALB.W2V11,219,0,0,411,1379,0,486,3,526,25,4288,168,5,1,0,0,115,270,5,2,4,2,89,9,29,0,0,1,0,4452,339,0,2576,0,0,649,771,356,31,2258,1,10,64,199,10,0,0,0,191,15,0,0,28,9,130,0,44,0,0,0,1,4,0,0,0,48,22,0,0,0,0,117,0,9,181,0,112,14,4,2,2,0,0,0,1,0,29,20,33,57,0,0,0,0,0,4,2,1
11808.5825.SALB.W2V11,1178,0,1,665,7864,0,1499,3,1115,24,1749,332,2,2,0,1,142,251,1,1,10,7,49,5,9,0,0,1,0,5137,268,0,4132,1,0,418,1919,2095,29,321,4,43,143,190,45,0,0,0,311,661,0,0,29,80,118,2,23,0,0,0,4,7,0,0,0,108,49,0,7,0,4,178,0,13,159,0,747,2,27,1,0,0,1,1,0,5,89,17,48,30,1,1,0,1,0,0,1,1
11808.5847.SALB.W2V11,259,0,0,40,3660,0,387,0,470,7,4554,32,2,1,0,0,86,360,1,0,4,3,20,3,5,0,0,0,0,2274,193,0,11277,0,0,58,1349,3053,24,12,3,1,156,60,63,0,0,0,165,250,0,0,10,54,39,2,9,0,0,4,1,3,0,0,0,6,12,0,4,0,2,26,0,0,36,0,191,15,7,1,0,0,0,1,0,0,14,8,21,20,2,0,0,0,0,1,2,1
11808.5870.SALB.W2V11,2896,0,16,386,42224,1,47407,23,5797,158,37154,1719,23,11,1,16,190,1081,5,2,65,58,535,51,27,10,5,1,3,31637,9834,1,269250,10,2,2302,9273,51247,701,2248,17,23,4087,174,2240,0,0,6,1309,3043,1,5,150,326,149,30,159,1,0,6,11,92,5,0,0,506,25,1,1,0,44,1330,0,39,802,1,7653,547,135,7,2,3,15,2,82,2,165,54,885,1160,4,0,0,30,1,4,14,5
11808.5904.SALB.W2V11,5832,1,4,1124,26293,2,78125,10,1843,456,56860,1992,16,9,2,10,247,561,14,13,41,29,1103,48,32,49,3,1,3,34292,9757,3,144342,5,2,6049,6840,31469,473,1594,8,47,1548,628,119,0,0,1,1582,1246,1,4,209,148,1304,14,170,1,2,1,25,50,1,0,0,703,28,2,6,0,33,841,1,2,511,1,6746,140,103,7,2,4,6,3,97,10,661,182,306,1436,4,0,0,9,1,1,19,10
11808.5915.SALB.W2V11,1242,0,7,295,11773,1,23405,8,2341,135,34408,726,5,2,0,9,190,593,0,1,17,17,166,41,18,4,3,0,1,35406,4864,1,121475,3,2,2910,2937,18812,361,810,6,7,534,98,155,0,0,1,1173,1947,0,2,168,105,211,7,217,0,1,0,17,26,0,0,0,279,11,0,6,0,16,662,1,5,571,0,1739,126,42,6,1,3,11,0,39,0,106,81,229,187,1,0,1,8,0,0,9,8
11808.5937.SALB.W2V11,233,0,0,19,3700,0,739,1,1295,26,3947,486,5,0,0,1,36,272,2,2,3,5,119,5,68,1,0,1,2,3932,371,0,13679,1,0,268,3035,7336,22,1014,7,2,85,126,205,0,0,1,269,488,0,0,20,34,32,3,20,0,0,0,2,4,0,0,0,12,3,0,0,0,4,103,0,0,625,0,185,0,9,1,0,0,1,2,5,0,6,5,70,49,2,0,0,0,0,1,1,1
11808.5948.SALB.W2V11,216,0,0,156,21482,1,350,1,1521,21,2466,445,9,5,2,2,112,301,3,1,54,40,232,7,10,0,0,0,0,2782,485,0,9246,0,0,340,3884,4595,23,2262,5,3,327,45,174,0,0,0,278,140,0,0,26,122,55,5,14,0,0,17,2,3,0,0,0,31,22,0,0,0,3,47,0,2,477,1,460,42,5,1,1,0,1,1,0,0,22,12,110,35,1,0,0,7,0,0,1,2
11808.5959.SALB.W2V11,1146,0,14,960,19314,0,16579,11,6663,255,15917,2735,11,5,3,8,692,1947,4,2,32,26,639,20,32,1,3,1,1,13373,3642,1,46830,6,1,2498,2418,11827,194,3081,7,125,1096,235,780,0,0,7,1067,2243,1,3,81,346,394,13,78,0,0,142,8,31,3,0,0,156,69,0,1,0,22,653,0,32,1292,0,3040,100,62,3,2,3,11,1,15,1,214,10,335,342,1,1,0,17,0,7,5,3
11808.5960.SALB.W2V11,293,0,0,22,1251,1,1549,1,156,11,6294,50,2,1,0,0,9,19,1,1,1,2,35,6,9,4,0,0,0,2648,509,0,3318,2,0,109,249,547,25,233,1,2,45,14,2,0,0,0,474,66,0,0,19,12,16,1,20,0,0,0,1,3,0,0,0,2,3,0,0,0,2,15,0,2,86,0,213,12,3,0,0,0,0,1,0,1,3,11,56,30,0,0,0,1,0,0,1,0
11808.5971.SALB.W2V11,823,0,3,180,11284,0,803,4,2603,37,276,781,10,4,0,2,88,211,5,0,10,10,31,2,47,2,1,0,0,1210,279,0,31525,2,1,300,775,12230,117,7,2,2,215,323,1293,0,0,1,401,409,1,1,10,206,51,8,11,0,0,6,1,14,0,0,10,37,1,0,5,1,14,714,0,18,449,0,488,18,21,0,0,0,3,1,6,0,179,2,12,19,0,0,0,0,0,2,0,0
11808.5993.SALB.W2V11,880,0,2,54,21435,2,12682,17,1265,34,92851,384,11,4,0,6,146,653,2,0,29,23,518,62,17,5,0,0,2,61887,2249,3,45250,5,2,1664,7049,11899,360,3375,9,9,1110,79,24,0,0,0,441,1359,0,2,279,71,22,13,205,0,2,4,44,32,0,0,0,111,8,1,0,0,23,206,1,6,103,1,3500,49,37,12,0,6,6,1,9,1,12,350,141,381,2,0,0,13,0,1,24,12
11808.6040.SALB.W2V11,1362,0,1,734,4854,0,3118,1,2233,17,14240,123,9,1,0,1,152,180,4,13,8,11,54,8,67,0,1,1,0,5436,370,1,4633,1,0,256,4090,2769,37,210,5,9,178,1366,41,0,0,1,797,239,0,0,37,42,55,2,28,0,0,10,5,7,0,0,0,66,8,0,53,0,5,116,0,8,81,0,1103,46,9,1,0,0,0,1,5,0,152,12,15,52,2,0,0,4,0,2,4,1
11808.6062.SALB.W2V11,57,0,1,54,3537,0,667,12,609,8,909,275,2,2,0,0,20,79,1,0,6,2,10,1,6,0,0,0,0,826,322,0,6678,0,0,45,540,2176,25,14,6,1,64,9,240,0,0,0,150,244,0,0,5,61,13,0,6,0,0,2,1,10,0,0,0,21,5,0,0,0,1,118,0,0,1079,0,253,10,4,0,0,0,0,0,0,0,13,8,12,12,1,0,0,0,0,0,0,0
11808.6073.SALB.W2V11,895,0,3,605,10300,0,7757,83,2319,124,6481,492,14,3,1,13,186,736,4,0,22,26,138,44,35,1,2,1,2,31299,933,1,39823,5,2,1458,6625,12118,184,385,10,13,595,244,108,0,0,3,788,812,0,2,147,92,106,16,158,0,0,9,19,29,1,0,2,155,22,0,0,0,25,544,1,2,395,0,3059,16,57,7,1,2,11,1,5,0,98,309,133,202,3,0,0,2,1,1,2,5
11808.6095.SALB.W2V11,206,0,1,788,22703,3,1292,10,3444,34,4310,329,12,12,1,5,142,386,2,0,186,22,120,25,44,0,1,0,1,24256,238,0,6721,4,0,722,8379,7706,32,429,6,1,293,100,78,0,0,0,278,640,0,2,106,91,109,15,92,0,0,119,11,27,1,0,1,36,59,0,58,0,23,210,0,6,132,0,802,74,34,5,1,2,2,2,2,0,60,17,4,33,3,0,0,3,0,3,1,3
11808.6141.SALB.W2V11,26,0,0,26,1948,0,390,1,71,1,1784,16,1,1,0,0,20,40,1,0,2,1,14,3,3,0,0,0,0,1513,128,0,1059,0,0,87,218,491,6,61,0,2,55,9,11,0,0,0,16,41,0,0,14,2,38,0,12,0,0,0,1,1,0,0,0,9,4,0,0,0,1,10,0,2,6,0,383,4,1,0,0,0,0,0,0,0,0,4,7,14,0,0,0,0,0,0,0,0
11808.6185.SALB.W2V11,82,0,0,125,2919,0,1295,1,200,2,183,33,4,0,0,1,3,48,1,0,5,3,9,6,2,0,0,1,0,7054,186,0,892,0,0,148,873,784,5,0,1,1,53,29,0,0,0,0,81,244,0,0,48,1,0,1,31,0,0,0,3,2,0,1,0,0,1,0,1,0,1,3,0,0,28,0,301,2,2,1,0,0,0,1,2,0,3,2,1,3,0,0,0,3,0,0,0,0
11808.6242.SALB.W2V11,517,0,4,475,16086,2,3885,5,1702,92,64143,509,11,6,1,3,272,320,5,1,89,24,568,22,171,5,0,1,1,15842,2645,2,15297,4,0,362,6615,6915,66,3620,8,77,1023,36,141,0,0,2,546,1122,0,2,87,314,41,5,82,0,0,26,10,13,1,0,0,99,15,0,0,0,8,100,2,1,360,1,3163,4,30,2,0,1,8,2,13,1,9,14,238,304,3,0,0,3,1,0,19,5
11808.6264.SALB.W2V11,13,0,2,65,11224,0,230,59,4023,24,32,17,10,4,1,11,84,136,2,9,15,34,23,2,20,0,0,0,0,1764,65,0,14771,7,0,42,3435,9740,46,0,5,12,686,143,380,0,0,1,163,240,0,3,16,90,0,23,10,0,0,12,2,38,0,0,0,37,0,0,0,0,30,67,0,5,344,0,417,24,35,0,3,0,2,0,0,0,2,1,35,24,0,0,0,0,0,2,0,0
11808.6297.SALB.W2V11,36,0,2,18,16876,1,436,4,2756,2,169,512,10,5,0,3,140,416,7,0,179,15,16,3,30,0,1,1,0,3419,340,0,12993,2,0,154,2361,12888,20,291,8,24,218,7,676,0,0,0,187,281,0,1,15,363,2,7,26,0,0,181,3,13,0,0,0,4,3,0,0,0,8,498,0,3,709,0,221,2,21,1,0,0,1,1,1,0,1,15,3,10,3,0,0,0,0,1,1,2
11808.6309.SALB.W2V11,41,0,0,63,19009,0,692,6,2530,2,466,223,14,4,1,4,45,217,7,0,9,15,46,6,46,0,0,1,3,4131,536,0,4453,1,0,85,24460,8641,6,56,24,2,542,109,903,0,0,0,256,43,0,0,29,44,4,5,18,0,0,5,4,5,0,0,0,0,0,0,0,0,4,47,0,0,185,0,1356,6,3,0,3,0,1,5,3,0,0,1,26,12,10,0,0,0,0,2,0,2
11808.6310.SALB.W2V11,861,0,3,476,9514,1,8557,17,4068,64,24066,1535,8,2,0,2,139,1826,1,1,9,16,223,18,14,6,2,0,0,13086,4616,1,18306,1,1,1666,5348,9724,107,951,7,16,620,88,260,0,0,1,676,1408,1,1,57,45,336,5,61,0,0,0,4,20,1,0,2,124,13,0,1,0,8,314,1,10,570,0,2470,160,31,2,3,0,4,9,16,0,54,17,175,405,1,0,0,8,1,4,7,1
11808.6332.SALB.W2V11,235,1,1,6,11467,0,6548,12,3212,83,73762,791,14,5,0,7,40,815,4,8,20,22,449,22,30,8,2,1,1,15050,5486,1,56538,3,2,622,5224,15089,274,9480,8,4,753,34,150,0,0,1,1205,2103,0,1,86,85,23,10,117,2,0,0,9,27,1,0,9,49,3,0,0,0,11,152,0,2,572,2,571,0,49,4,1,2,3,1,14,0,29,101,442,400,3,1,0,7,0,2,25,5
11808.6354.SALB.W2V11,659,0,5,78,24638,1,8867,19,4123,97,1450,797,16,6,1,7,238,595,3,1,24,36,146,19,45,1,0,1,1,17835,1652,2,88816,5,1,427,11311,29231,242,299,15,11,616,30,3110,0,0,3,1198,1850,1,2,101,234,311,14,131,0,0,2,9,37,0,0,0,40,96,0,0,0,17,1639,1,30,1582,1,2959,8,66,4,1,2,13,3,17,0,43,5,243,112,4,0,0,2,0,6,2,5
11808.6376.SALB.W2V11,2615,0,1,789,7105,1,8536,2,1301,79,26715,349,11,6,2,3,204,624,3,0,11,17,877,13,13,4,2,1,1,9979,2354,1,20611,0,2,774,4008,5886,82,2327,6,13,1018,559,213,0,0,0,874,794,0,0,72,66,171,3,48,0,0,1,7,12,0,0,6,101,32,0,8,0,9,152,0,12,150,1,1300,38,21,1,0,1,5,1,6,0,250,7,207,245,2,0,0,0,1,5,8,1
11808.6398.SALB.W2V11,2111,0,6,963,22862,4,11579,10,4476,63,8434,532,10,13,7,6,419,247,2,3,34,20,193,103,27,10,2,1,0,74072,596,2,71329,4,2,2751,6114,35432,248,767,11,84,348,52,750,0,0,2,1204,3126,1,2,417,397,177,18,455,0,1,30,40,37,1,0,0,238,28,0,0,0,27,934,1,20,798,1,2605,43,44,15,4,7,6,1,13,1,235,389,22,63,2,0,0,9,1,3,2,15
11808.6411.SALB.W2V11,964,0,6,128,50320,5,4459,27,14607,69,21111,3437,54,15,1,24,61,987,4,3,84,93,3560,48,123,0,4,2,2,46373,7176,1,203553,4,1,1064,24769,77494,356,4934,44,8,3843,314,3098,0,0,4,2048,11606,1,2,202,735,12,31,380,0,0,3,24,59,2,0,0,96,12,0,0,0,27,1292,1,9,2814,3,6894,0,61,8,7,3,6,11,13,1,16,11,609,304,15,2,0,11,3,1,9,11
11808.6433.SALB.W2V11,492,0,5,186,16977,2,2913,3,2939,48,11373,1439,9,5,0,8,622,534,1,1,46,21,897,19,25,0,0,0,0,16272,972,1,50728,4,1,682,10398,16871,195,1596,9,95,929,360,481,0,0,4,317,470,0,2,85,278,169,10,108,0,0,62,8,14,1,0,0,21,23,0,0,0,12,287,1,19,975,1,1691,23,17,3,0,2,9,1,12,1,41,32,29,80,4,0,0,7,1,1,3,4
11808.6488.SALB.W2V11,1606,0,3,70,24885,3,18800,13,1723,91,124896,821,20,5,1,8,365,700,5,4,34,45,506,88,26,19,1,0,0,67617,4657,8,34962,4,0,4044,21155,10855,182,10379,26,10,1416,108,49,0,0,1,615,1478,0,2,391,80,252,13,299,0,2,34,43,31,0,0,0,94,9,2,0,0,18,52,2,21,254,2,4358,134,35,14,1,5,7,6,14,2,29,36,629,907,12,1,0,24,1,6,40,10
11808.6501.SALB.W2V11,1735,1,4,284,19931,3,16222,13,5347,49,28745,1120,12,8,2,10,94,1143,1,2,24,26,333,58,24,5,2,0,4,39603,839,1,68551,6,1,2007,9832,25018,156,2067,13,11,501,440,1055,0,0,3,746,3828,1,4,233,133,72,19,214,1,0,0,25,40,1,0,6,214,10,0,6,0,28,710,0,10,470,0,3677,17,47,8,2,3,6,1,23,0,109,286,349,124,4,0,0,8,0,3,7,10
11808.6589.SALB.W2V11,1863,0,11,581,18791,3,13654,13,3449,58,10468,1919,12,23,3,5,200,1134,2,1,30,20,457,56,18,23,1,0,8,38799,1671,0,97190,2,0,1416,12092,44891,211,463,19,16,876,224,296,0,0,3,670,991,2,3,200,228,215,6,340,0,0,17,26,21,1,0,0,268,31,0,9,0,10,672,0,10,425,1,5476,50,35,8,1,3,10,3,14,1,174,87,318,181,6,0,0,8,0,2,2,8
