,g__Corynebacterium,g__Coprococcus,g__Streptococcus,g__Neisseria,g__Staphylococcus,g__Ruminococcus,g__Dorea,g__Clostridium,g__Bacteroides,g__Blautia,g__Rhodoplanes,g__Bacillus,g__Facklamia,g__Sphingomonas,g__Butyricimonas,g__Acinetobacter,g__Pseudomonas,g__Burkholderia,g__Bifidobacterium,g__Serratia,g__Collinsella,g__Roseburia,g__Phenylobacterium,g__Mycobacterium,g__Sutterella,g__Flavobacterium,g__Sphingobacterium,g__Turicibacter,g__Leptotrichia,g__Prevotella,g__Rothia,g__Fusobacterium,g__Methanobrevibacter,g__Dehalobacterium,g__Faecalibacterium,g__Anaerofustis,g__Stenotrophomonas,g__Opitutus,g__Veillonella,g__Ochrobactrum,g__Lachnospira,g__Brevibacterium,g__Aggregatibacter,g__Rahnella,g__Adlercreutzia,g__Sphingopyxis,g__Tannerella,g__Lactobacillus,g__Sphingobium,g__Pseudonocardia,g__Campylobacter,g__Paraprevotella,g__Enterococcus,g__Xenophilus,g__Peptococcus,g__Anaeroplasma,g__Bulleidia,g__Anaerovibrio,g__Afifella,g__Ramlibacter,g__Lachnobacterium,g__Paracoccus,g__Erwinia,g__Butyrivibrio,g__Parabacteroides,g__Megasphaera,g__Lactococcus,g__Dysgonomonas,g__Megamonas,g__Desulfovibrio,g__Mogibacterium,g__Spirochaeta,g__Atopobium,g__Phascolarctobacterium,g__Paludibacter,g__Cupriavidus,g__Porphyromonas,g__Peptoniphilus,g__Shuttleworthia,g__Zoogloea,g__Paenibacillus,g__Dialister,g__Treponema,g__Methylobacterium,g__Anaerovorax,g__Sphaerochaeta,g__Coprobacillus,g__Haemophilus,g__Capnocytophaga,g__Dietzia,g__Hymenobacter,g__Selenomonas,g__Rhodoferax,g__Granulicatella,g__Streptomyces,g__Anaerococcus,g__Mesorhizobium,g__Agrobacterium,g__Kocuria,g__Brachyspira,g__Succinivibrio,g__Leuconostoc,g__Janthinobacterium,g__Devosia,g__Actinobacillus,g__Clavibacter,g__Macrococcus,g__Actinomycetospora,g__Anaeromyxobacter,g__Beijerinckia,g__Polynucleobacter,g__Anaerostipes,g__Oribacterium,g__Slackia,g__Methyloversatilis,g__Cloacibacterium,g__Geodermatophilus,g__Christensenella,g__Novosphingobium,g__Chryseobacterium,g__Nocardioides,g__Anoxybacillus,g__Thiomonas,g__Propionispira,g__Deinococcus,g__Thauera,g__Helicobacter,g__Varibaculum,g__Eggerthella,g__Pedobacter,g__Leptothrix,g__Arthrobacter,g__Brachybacterium,g__Sporocytophaga,g__Cellulomonas,g__Acidaminococcus,g__Klebsiella,g__Lautropia,g__Methylibium,g__Catenibacterium,g__Halomonas,g__Fibrobacter,g__Actinomyces,g__Jeotgalicoccus,g__Alicyclobacillus,g__Mycoplasma,g__Agromyces,g__Oxalobacter,g__Elusimicrobium,g__Amycolatopsis,g__Micrococcus,g__Rummeliibacillus,g__Kineococcus,g__Pseudobutyrivibrio,g__Dechloromonas,g__Ralstonia,g__Microbacterium,g__Vagococcus,g__Aerococcus,g__Listeria,g__Luteibacter,g__Akkermansia,g__Methanosphaera,g__Allobaculum,g__Knoellia,g__Enterobacter,g__Marvinbryantia,g__Cytophaga,g__Solirubrobacter,g__Rhodococcus,g__Bilophila,g__Kaistia,g__Herbaspirillum,g__Actinoplanes,g__Kurthia,g__Saccharibacillus,g__Comamonas,g__Odoribacter,g__Alistipes,g__Pantoea,g__Robinsoniella,g__Rhizobium,g__Sporosarcina,g__Avibacterium,g__Acidovorax,g__Curtobacterium,g__Anaerobiospirillum,g__Salmonella,g__Micromonospora,g__Butyricicoccus,g__Victivallis,g__Lysobacter,g__Collimonas,g__Lysinibacillus,g__Holdemania
11212.AC622,0,262,6,0,0,832,8,4170,64,104,0,0,0,0,0,0,2,0,0,0,18,2,0,0,72,0,0,0,1,23,0,0,0,0,589,0,0,0,4,0,4,0,1,0,0,0,0,0,0,0,320,168,0,0,0,0,41,0,0,0,1,0,0,2,1,0,0,0,0,60,0,0,0,0,0,0,1,0,0,0,0,328,5,0,0,0,0,1,0,0,0,0,0,2,0,0,0,0,0,1,1,0,0,0,0,0,0,0,0,0,0,13,1,0,0,0,0,0,0,0,0,0,0,0,0,0,0,0,0,0,0,0,0,0,0,0,0,0,0,0,0,0,1,0,0,0,0,0,0,0,0,0,0,0,0,0,0,0,0,0,0,0,8,0,0,0,61,0,0,0,0,0,0,0,0,0,0,0,15,0,4,0,0,0,0,0,0,0,0,0,0,0,0,0,0
11212.AC668,3,1372,584,3,0,806,22,2674,26,342,0,0,0,3,4,4,6,0,0,0,36,8,0,0,91,2,0,0,0,71,2,3,0,2,1505,0,0,0,5,0,2,0,1,0,3,0,0,32,0,1,2,0,0,0,0,0,115,0,0,0,1,0,2,7,0,0,1,0,0,232,0,0,0,1,0,0,1,0,3,0,0,891,10,0,0,0,0,7,2,0,0,0,0,1,0,0,0,0,0,15,2,0,0,0,2,0,0,0,0,0,0,8,0,0,0,0,0,0,1,0,0,0,0,0,0,0,0,0,0,0,0,0,0,0,0,0,0,0,0,2,0,0,1,0,0,0,0,0,1,0,0,0,0,0,0,0,0,0,0,0,0,0,3,0,0,0,27,0,0,0,0,0,0,0,0,0,0,0,1,0,0,0,0,0,0,0,0,0,0,0,0,0,0,0,0
11212.Ahyb1000,0,252,1,0,0,99,3,2,33,172,0,0,0,0,0,0,10,0,0,0,7,4,0,0,3,0,0,0,0,531,0,42,0,0,723,0,0,0,0,0,106,0,0,0,0,0,0,1,0,0,1,0,0,0,0,0,129,0,0,0,0,0,0,11,1,30,0,0,1,3,0,0,0,0,0,0,0,0,0,0,0,1477,0,1,0,0,0,0,0,0,0,152,1,0,0,0,0,0,0,0,0,0,0,0,0,0,0,0,0,0,0,4,1,0,86,0,0,0,0,0,0,0,0,0,0,0,0,0,0,0,0,0,0,0,0,0,0,0,0,0,0,0,0,0,0,0,0,0,0,0,0,0,0,0,8,0,0,0,0,0,0,0,5,0,0,0,0,0,0,0,0,0,0,0,1,0,0,0,0,0,0,0,0,0,0,0,0,0,0,0,0,0,0,0,61
11212.Ahyb257,0,259,0,0,1,100,2,67,42,585,0,2,0,0,0,3,13,0,17,0,41,14,0,0,4,0,0,0,0,136,0,59,0,0,817,0,0,0,0,0,26,0,0,0,3,0,0,2,2,0,1,0,0,0,0,0,697,0,0,0,0,0,0,0,2,20,0,0,5,28,1,0,0,1,0,0,0,0,0,0,0,2256,0,0,0,0,0,0,0,0,0,865,0,0,0,0,0,0,0,0,0,0,0,0,0,0,0,0,0,0,0,4,0,0,8,0,0,0,0,0,0,0,0,0,0,0,0,0,0,0,0,0,0,0,0,0,0,0,0,1,0,0,0,0,0,0,0,0,0,0,0,0,0,0,1,0,0,0,0,0,0,0,0,4,0,1,0,0,0,0,0,0,3,0,0,0,0,0,0,0,0,0,0,0,0,0,0,0,0,0,0,0,0,0,33
11212.Ahyb411,0,189,2,0,0,104,31,15,85,179,0,0,0,1,3,46,622,0,43,24,88,91,0,0,6,0,0,0,0,392,0,8,0,0,576,0,0,0,0,0,56,0,0,7,0,0,0,2,0,0,0,0,0,0,0,0,80,0,0,0,3,0,0,0,26,5,0,0,11,0,0,0,0,3,0,0,0,16,0,0,0,547,0,0,0,0,0,0,0,0,0,324,0,0,0,0,0,0,0,0,0,0,0,0,0,0,0,0,0,0,0,0,0,0,13,0,0,0,0,0,0,0,1,0,0,0,2,0,0,0,0,0,0,0,0,0,0,0,0,1,0,1,0,0,0,0,0,0,0,0,0,0,0,0,1,0,0,0,0,0,0,0,0,0,0,0,0,0,0,0,0,0,0,0,0,0,0,0,0,0,0,0,0,0,0,0,0,0,0,0,0,0,0,0,7
11212.APAL36,1,731,11,1,0,309,9,117,366,15,0,0,0,0,0,0,0,0,0,0,1,17,0,0,21,0,0,0,2,51,0,0,0,0,86,0,0,0,2,0,85,0,1,0,0,0,29,0,0,0,17,0,1,0,0,1,0,0,0,0,2,0,0,13,1,0,0,0,0,20,0,0,3,0,1,0,0,0,0,0,0,24,4,0,0,0,0,0,0,0,0,0,0,1,0,0,0,0,0,0,1,0,0,0,1,0,0,0,0,0,0,7,0,0,0,0,0,0,3,0,0,0,0,0,0,0,0,0,0,0,0,0,0,0,0,0,0,1,0,0,0,0,2,0,0,0,0,26,0,0,0,0,0,0,0,0,0,1,0,0,0,67,1,0,0,0,12,0,0,0,0,0,0,0,0,0,0,0,0,0,0,0,0,0,0,0,0,0,0,0,0,0,0,0,0
11212.APAL37,0,1299,104,1,0,306,87,617,244,104,0,4,0,0,0,21,16,0,0,0,0,143,0,0,45,0,0,0,3,88,0,3,1,15,1184,0,0,0,4,0,61,0,0,0,0,0,31,4,0,0,12,0,7,0,0,0,5,0,0,0,0,0,0,10,0,0,0,0,0,31,0,0,0,0,0,0,1,0,0,0,0,53,7,0,0,0,0,4,0,0,0,0,0,1,0,0,0,0,0,32,2,0,0,0,1,0,0,0,0,0,0,11,0,0,48,0,0,0,0,0,0,0,0,0,0,0,2,0,0,0,0,0,0,0,0,0,2,0,0,0,0,0,1,0,0,0,0,0,0,0,0,0,0,0,1,0,0,1,0,24,0,39,5,0,0,0,70,0,0,0,0,0,0,0,33,0,0,0,0,0,3,0,0,0,0,0,0,0,0,0,0,0,0,0,0
11212.APAL38,0,301,5,1,0,94,40,228,6,52,0,0,0,0,0,2,0,0,0,0,2,323,0,0,10,0,0,0,0,48,1,0,0,2,216,0,0,0,3,0,111,0,0,0,0,0,3,0,0,0,61,0,0,0,0,0,3,0,0,0,1,0,0,8,0,0,0,0,0,11,0,0,1,0,0,0,0,0,0,0,0,30,4,0,0,0,0,0,0,0,0,0,0,0,0,0,0,0,0,0,0,0,0,0,0,0,0,0,0,0,0,17,0,0,0,0,0,0,0,0,0,0,0,0,0,0,0,0,0,0,0,0,0,0,0,0,0,0,1,0,0,0,0,0,0,0,0,11,0,0,0,0,0,0,0,0,0,0,0,2,0,0,2,0,0,0,6,0,0,0,5,0,0,0,0,0,0,0,0,0,1,0,0,0,0,0,0,0,0,0,0,0,0,0,0
11212.APAL39,1,232,6,2,1,106,14,142,22,11,0,0,0,5,0,3,6,0,0,0,0,300,0,0,9,1,0,0,1,31,0,0,0,0,17,0,2,0,3,0,139,1,0,0,0,0,13,0,4,0,85,0,0,2,0,0,0,0,0,0,2,1,0,9,0,1,1,0,0,11,0,0,3,0,0,0,0,0,0,0,6,16,3,0,0,0,0,0,0,0,0,0,0,1,1,0,0,0,0,0,0,0,0,3,0,0,0,0,0,0,0,57,0,0,0,0,0,0,0,0,1,0,0,0,0,0,0,0,0,0,0,0,0,0,0,0,3,0,1,0,0,0,1,0,0,0,0,39,0,0,0,0,0,0,0,0,0,0,0,0,0,0,0,0,0,1,8,0,1,0,3,0,0,0,0,0,0,0,0,0,0,1,0,0,0,0,0,0,0,0,0,0,0,0,0
11212.Apalw13,0,1085,3,0,8,513,21,276,80,11,0,1,0,0,0,0,0,0,7,0,0,244,0,0,26,1,0,0,0,16,1,0,2,0,448,0,0,0,2,0,0,0,0,0,0,0,24,1,0,0,316,0,0,0,0,0,0,0,0,0,2,0,0,7,2,3,0,0,0,28,0,0,0,0,0,0,0,0,0,0,0,35,4602,0,0,0,0,10,0,0,0,0,0,0,0,0,0,0,0,1,0,0,0,1,0,0,0,0,0,0,0,13,0,0,0,0,0,0,0,0,0,0,0,0,0,0,0,0,1,0,0,0,0,0,0,0,0,0,0,0,0,0,0,0,0,0,0,0,0,0,0,0,0,0,0,0,0,0,0,0,0,1,1,0,0,6,11,0,0,0,0,0,0,0,0,0,0,0,0,4,0,0,0,0,0,0,0,0,0,0,0,0,0,0,0
11212.Apalw14,0,868,4,0,0,516,11,210,52,11,0,0,0,0,0,0,0,0,6,0,0,101,0,0,9,1,0,0,0,14,1,0,0,0,449,0,0,0,5,0,1,0,0,0,0,0,11,0,0,0,119,0,0,0,0,0,0,0,0,0,0,0,0,9,0,2,0,0,0,19,0,0,0,1,0,0,0,0,0,0,0,35,2097,0,0,0,0,0,0,0,0,0,0,0,0,0,0,0,0,1,0,0,0,0,0,0,0,0,0,0,0,19,0,0,0,0,0,0,0,0,0,0,0,0,0,0,0,0,0,0,0,0,0,0,0,0,0,0,0,0,1,0,0,0,0,1,0,0,0,0,0,0,0,0,0,0,0,0,0,0,0,0,0,0,0,5,5,0,0,0,0,0,0,0,0,0,0,0,0,0,0,0,0,0,0,0,0,0,0,0,0,0,0,0,0
11212.APF103,0,852,14,3,0,197,1089,272,0,40,0,0,0,0,0,0,3,0,0,0,2,61,0,0,77,1,0,0,0,122,1,0,3,0,1459,0,0,0,0,0,137,0,1,0,0,0,10,0,0,0,1,0,0,0,0,0,25,0,0,0,1,0,1,4,0,0,0,0,0,58,0,0,0,0,0,0,0,0,0,0,0,114,3,0,0,0,0,0,0,0,0,0,0,0,0,0,0,0,0,2,0,0,0,0,0,0,0,0,0,0,0,3,0,0,0,0,0,0,0,0,0,0,0,0,0,0,1,0,0,0,0,0,0,0,0,0,0,0,3,1,0,0,0,0,0,0,0,3,0,0,0,0,0,0,0,0,0,0,0,0,0,0,4,0,0,0,10,0,0,0,0,0,0,0,0,0,0,0,0,0,0,0,0,0,0,0,0,0,0,0,0,0,0,0,0
11212.APF104,0,545,10,2,0,116,579,343,2,6,2,0,0,0,0,0,0,0,0,0,0,137,0,0,94,0,0,0,0,64,1,1,3,0,782,0,0,0,1,0,311,0,0,0,1,0,30,0,0,0,23,0,0,0,0,0,16,0,0,0,5,0,0,6,0,0,0,0,0,5,0,0,0,0,0,0,1,0,0,0,0,249,4,0,0,0,0,3,0,0,0,0,0,0,0,0,0,0,0,3,1,0,0,0,0,0,0,0,0,0,0,2,0,0,0,0,0,0,0,0,0,0,0,0,0,0,0,0,0,0,0,0,0,0,0,0,0,0,2,0,0,0,0,0,0,0,0,19,0,0,0,0,0,0,0,0,0,0,0,1,0,519,3,0,0,0,3,0,0,0,0,0,0,0,0,0,0,0,0,0,2,0,0,0,0,0,0,0,0,0,0,0,0,0,0
11212.APF38,2,1202,30,0,0,182,417,1165,0,36,0,0,0,0,0,1,5,0,0,0,2,180,0,0,165,0,1,0,4,167,1,1,2,0,2044,0,0,0,5,0,148,0,1,0,0,0,38,3,0,0,15,1,0,0,0,0,41,0,0,0,8,0,0,2,0,0,0,0,0,61,0,0,0,1,0,0,2,0,0,0,0,170,4,0,0,0,0,1,1,0,0,0,0,2,1,0,0,0,0,0,2,0,0,0,0,0,0,0,0,0,0,1,2,0,0,0,0,0,0,0,0,0,0,0,0,0,0,0,0,0,0,0,0,0,0,0,0,0,1,0,0,0,0,0,0,0,0,0,0,0,0,0,0,0,0,0,0,0,0,0,0,38,1,0,0,2,33,0,0,0,0,0,0,0,0,0,0,0,0,0,0,0,0,0,0,0,0,0,0,0,0,0,0,0,0
11212.Asen1111,0,872,0,0,0,458,59,1153,122,40,0,0,0,0,1,0,7,0,3,0,0,113,0,0,30,0,0,0,0,41,0,15,1,0,153,0,0,0,0,0,49,0,0,0,0,0,0,4,1,0,1,1,0,0,0,0,5,0,0,0,7,0,0,5,23,0,0,0,1,27,0,0,0,1,0,0,0,0,0,0,0,67,0,0,0,0,0,0,0,0,0,0,0,0,0,1,0,0,0,0,0,0,0,0,0,0,0,0,0,0,0,1149,0,0,0,0,0,0,0,0,0,0,0,0,0,0,0,0,0,0,0,0,0,0,0,0,0,0,0,3,0,0,0,0,0,0,0,0,0,0,0,0,0,0,0,0,0,0,0,0,0,0,3,0,0,0,6,0,0,0,1,0,1,0,0,0,0,0,0,0,3,0,0,0,0,0,1,0,0,0,0,0,0,0,0
11212.Asen685,0,659,2,0,0,1199,166,507,44,108,0,0,0,0,0,0,4,0,0,0,10,317,0,0,131,0,0,0,0,19,0,12,0,0,723,0,0,0,0,0,470,0,0,0,1,0,3,4,0,0,121,0,0,0,0,1,38,0,0,0,20,0,0,27,9,0,0,0,2,40,1,0,3,1,0,0,0,0,0,0,0,168,0,0,0,0,0,0,0,0,0,0,0,0,0,0,0,0,0,1,0,0,0,0,0,0,0,0,0,0,0,76,0,0,0,0,0,0,0,0,0,0,0,0,0,0,0,0,0,0,0,0,0,0,0,0,0,0,0,0,0,0,0,0,0,0,0,24,0,0,0,0,0,0,0,0,0,0,0,0,0,0,1,0,0,0,10,0,0,0,0,0,0,0,0,0,0,1,0,0,4,0,0,0,0,0,0,0,0,0,0,0,0,0,0
11212.AsenLink1,0,153,16,0,27,113,76,602,10,25,0,0,0,1,0,31,1313,0,1,0,0,110,0,0,133,0,0,0,0,10,0,2,0,0,168,0,0,0,0,0,55,0,0,0,0,14,2,3,0,0,0,0,0,0,0,0,4,0,0,0,0,0,0,1,2,0,0,0,5,21,0,0,0,1,0,0,0,0,0,0,0,123,0,0,0,0,0,0,0,0,0,0,0,0,0,0,0,0,0,0,0,0,0,0,0,0,0,0,0,0,0,4,0,0,0,0,0,0,0,31,0,0,0,0,0,0,1,0,0,0,0,0,0,0,0,0,0,0,0,0,0,0,0,0,0,0,0,0,0,0,0,0,0,1,0,7,0,0,0,0,0,0,2,0,3,0,3,0,0,0,0,0,0,0,0,0,0,0,0,0,0,0,0,0,0,0,0,0,0,0,0,0,0,0,0
11212.AsenLink2,0,339,2,0,0,126,25,108,15,17,20,12,0,1,0,5,19,0,1,0,1,170,0,0,23,4,0,0,0,10,0,9,0,0,176,0,0,1,0,0,132,0,0,0,0,0,11,4,0,3,0,0,0,0,0,0,14,0,0,0,13,0,0,3,1,0,2,0,1,9,0,0,0,0,0,0,0,0,0,0,7,49,0,0,0,0,0,0,0,0,0,0,0,0,0,0,0,5,0,0,0,0,0,1,0,0,0,0,4,0,0,3,0,0,0,0,0,0,1,0,0,0,0,0,0,0,0,0,0,0,0,0,0,4,1,0,0,0,0,0,0,0,0,0,0,0,0,0,0,0,0,0,0,0,0,0,0,0,0,0,0,0,2,0,0,0,1,0,0,0,0,0,3,0,0,0,0,0,0,0,0,0,0,0,0,0,0,0,0,0,0,0,0,0,0
11212.AsenLink3,0,209,0,0,22,72,56,175,12,38,0,0,0,2,0,26,1168,0,0,0,3,74,0,0,118,0,0,0,0,10,0,4,0,0,176,0,0,0,0,0,6,0,1,0,0,0,9,3,77,1,22,1,0,0,0,0,29,0,0,0,1,1,0,1,3,0,0,0,0,9,0,0,0,1,0,0,0,0,0,17,0,50,0,0,0,0,0,0,0,0,0,0,0,0,0,0,0,0,0,2,0,0,0,0,0,0,0,0,0,0,0,5,0,0,1,0,0,0,2,0,0,0,0,0,0,0,0,0,0,0,0,0,0,0,0,0,0,0,1,0,0,0,4,0,0,0,0,0,0,0,0,0,0,0,0,0,0,0,0,0,0,0,1,0,0,0,3,0,0,0,0,0,1,0,0,0,1,0,0,0,1,0,0,0,0,0,0,0,0,0,0,0,0,0,12
11212.AsenLink4,0,474,2,0,0,214,59,82,17,46,0,0,0,0,0,0,0,0,0,0,4,96,0,0,65,0,0,0,0,17,0,10,2,0,106,0,0,0,0,0,954,0,0,0,0,0,14,2,0,0,0,1,0,0,0,0,20,0,0,0,23,0,0,4,4,0,0,0,2,64,0,0,0,2,0,0,0,0,0,0,0,104,0,0,0,0,0,0,0,0,0,0,0,0,0,0,0,0,0,0,0,0,0,0,0,0,0,0,0,0,0,61,0,0,0,0,0,0,0,0,0,0,0,0,0,0,11,0,0,0,0,0,0,0,0,0,0,0,0,1,0,0,0,0,0,0,0,1,0,0,0,0,0,0,0,0,0,0,0,0,0,29,14,0,0,0,2,0,0,0,0,0,0,0,0,0,1,1,0,0,1,0,0,0,0,0,0,0,0,0,0,0,0,0,0
11212.AtbelzLink1,0,450,1,0,0,1628,11,6,68,832,0,5,0,0,0,0,14,0,4,0,48,84,0,0,1,0,0,0,0,717,0,19,0,0,451,0,0,0,0,0,423,0,0,0,2,0,0,2,1,0,7,0,0,0,0,0,1308,0,0,0,1,0,0,2,13,2,0,0,7,0,0,1,0,0,0,0,0,0,0,0,0,1666,0,2,0,0,0,0,0,0,0,74,0,0,0,0,0,0,0,0,0,0,0,3,0,0,0,0,0,0,0,13,0,0,77,0,0,0,0,1,0,0,0,0,0,0,0,0,0,0,2,0,0,0,2,0,0,0,1,0,0,0,0,0,0,0,0,0,0,0,0,0,0,0,3,0,0,0,0,0,0,0,0,0,0,0,0,0,0,0,0,0,4,0,0,0,1,0,0,0,0,0,0,0,3,0,0,0,0,0,0,0,0,0,8
11212.AtbelzLink2,0,594,2,0,0,63,5,7,18,96,4,0,0,0,0,12,318,0,0,0,23,9,0,0,2,0,0,0,0,1217,0,4,0,0,724,0,0,1,0,0,186,0,0,0,7,0,0,1,17,3,6,0,0,0,0,0,191,0,0,0,0,0,0,0,3,0,0,0,0,81,0,0,0,0,0,1,0,0,0,3,0,827,0,0,0,0,0,0,0,0,0,86,0,0,0,0,0,0,0,0,0,0,0,0,0,0,0,0,0,0,0,0,0,0,56,0,0,0,0,0,0,0,0,0,0,0,0,0,0,0,1,0,0,0,0,0,0,0,0,1,0,0,0,0,0,0,0,0,0,0,0,0,0,0,17,0,0,0,0,0,0,0,0,0,0,0,0,0,0,0,0,0,13,0,0,0,0,0,0,0,0,0,0,0,0,0,0,0,0,0,0,0,0,0,17
11212.AtbelzLink3,0,306,3,0,0,95,6,17,42,131,37,1,0,4,0,0,10,16,0,0,12,6,0,0,4,0,1,0,0,510,0,20,0,0,988,0,1,3,0,0,215,0,0,0,2,0,0,1,0,5,33,1,0,0,1,0,148,0,0,0,0,0,0,20,2,0,0,0,20,121,0,2,0,4,0,5,0,0,0,0,1,2263,1,0,0,0,0,0,0,0,0,203,0,0,1,0,0,0,0,0,0,0,0,0,0,0,0,0,0,1,0,3,0,0,154,0,0,0,2,0,0,0,0,0,0,0,0,0,0,5,0,0,0,1,0,0,0,0,0,4,0,0,0,0,1,0,0,1,0,0,0,0,0,0,10,0,0,0,0,0,0,0,0,0,0,0,0,0,0,0,0,0,0,0,0,0,0,0,0,0,0,0,0,0,0,0,0,0,0,0,0,0,0,0,22
11212.AtbelzLink4,0,373,0,0,1,317,0,4,19,102,2,0,0,1,0,0,1,7,2,0,1,8,0,0,3,0,0,0,0,718,0,9,0,0,328,0,1,1,0,0,201,0,0,0,0,0,0,1,0,0,2,0,0,0,0,0,130,0,0,0,0,0,0,6,1,2,0,0,4,14,0,0,0,2,1,0,0,0,0,0,0,523,0,2,0,0,0,0,0,0,0,53,0,0,0,0,0,0,0,0,0,0,0,0,0,0,0,0,0,0,0,0,0,0,96,0,0,0,0,0,0,0,0,0,0,0,3,0,0,0,0,0,0,0,0,0,0,0,0,0,0,0,0,0,0,0,0,0,0,0,0,0,0,0,9,0,0,0,0,0,0,0,0,1,0,0,0,0,0,0,0,0,0,0,0,0,0,0,0,0,0,0,0,0,0,0,3,0,0,0,0,0,0,0,10
11212.AtbelzLink5,0,373,1,0,0,123,1,11,19,129,0,0,0,0,1,0,1,0,1,0,24,5,0,0,4,0,0,0,0,662,2,10,0,0,1073,0,0,1,0,0,203,0,1,0,0,0,0,2,0,0,17,0,0,0,0,0,340,0,0,0,0,0,0,10,4,0,0,0,3,71,0,0,0,0,0,2,0,0,0,0,0,1693,0,0,0,0,0,0,0,0,0,64,0,0,0,0,0,0,0,0,0,0,0,0,0,0,0,0,0,0,0,0,0,0,333,0,0,0,0,0,0,0,0,0,0,0,0,0,0,0,0,0,0,0,0,0,0,0,0,0,0,0,0,0,0,0,0,0,0,0,0,0,0,0,28,0,0,0,0,0,0,0,0,0,0,0,0,0,0,0,0,0,0,0,0,0,0,0,0,0,0,0,0,0,0,0,0,0,0,0,0,0,0,0,52
11212.BWC2023,0,395,4,0,0,326,965,242,497,56,0,0,0,0,3,1,0,0,7,0,0,48,0,0,113,2,0,0,0,62,0,4,10,91,903,2,0,0,0,0,52,0,0,0,63,0,0,13,0,0,0,0,0,0,0,0,3,0,0,0,0,0,0,57,323,0,0,0,0,0,0,0,0,3,0,0,0,0,0,0,0,10,0,4,10,2,10,0,0,0,0,0,0,0,0,0,0,0,0,1,0,0,0,0,0,0,0,0,0,0,0,10,2,0,0,0,0,0,0,0,0,0,0,0,0,0,0,0,5,0,0,0,0,0,0,0,0,0,1,12,0,0,0,0,0,0,0,43,0,0,0,0,0,0,0,0,0,0,0,0,0,35,310,0,0,0,0,0,0,0,1,0,1,0,0,0,0,0,0,0,0,0,0,0,0,0,0,0,0,0,0,3,0,0,0
11212.BWC2026,0,98,1,0,1,581,586,373,230,23,0,0,0,0,2,0,1,0,1,0,0,139,0,0,6,0,0,0,0,165,0,1,1,77,496,14,0,0,0,0,30,0,0,0,47,0,0,25,0,1,10,0,0,0,0,10,5,0,0,0,3,0,0,10,15,0,0,1,0,22,0,0,0,0,0,0,0,0,0,0,0,2,71,0,10,0,23,0,0,0,0,0,0,0,0,0,0,0,0,0,0,0,0,0,0,0,0,0,0,0,0,5,0,0,0,1,0,0,0,0,0,0,0,0,0,0,0,0,3,0,0,0,0,0,0,0,1,0,0,0,0,0,0,0,0,0,0,7,0,0,0,0,0,0,0,0,0,0,1,0,0,22,168,0,0,4,0,0,0,0,0,0,0,0,0,0,0,1,0,0,0,0,0,0,0,0,0,0,0,0,0,0,0,0,0
11212.BWC2061,0,503,0,0,0,563,1016,463,13,161,0,0,0,0,0,3,5,0,0,0,0,224,0,0,0,0,0,0,0,49,0,3,2,6,75,0,0,0,0,0,4,0,0,0,164,0,0,1,0,0,18,1,0,0,0,0,0,0,0,0,0,0,0,0,184,0,0,0,2,1,0,0,0,0,0,0,0,0,0,1,0,1,1,0,4,0,0,0,0,0,0,0,0,0,0,0,0,0,0,0,0,0,0,0,0,0,0,0,0,0,0,10,0,0,0,0,0,0,2,0,0,0,0,0,0,0,0,0,0,0,0,0,0,0,0,0,5,0,0,1,0,0,0,0,0,0,0,5,0,0,0,0,0,0,0,0,0,0,0,0,0,54,0,0,0,23,0,0,0,0,0,0,0,0,0,0,0,0,0,0,0,0,0,0,0,0,0,0,0,0,0,0,0,0,0
11212.BWC2063,0,202,2,0,0,157,112,96,128,32,6,2,0,0,0,10,1,0,0,0,0,24,3,1,0,1,3,0,0,8,0,5,614,25,61,3,28,0,0,0,112,0,0,0,34,2,0,131,1,7,0,2,0,2,0,0,0,0,2,0,0,1,0,3,8,0,0,0,1,9,0,0,0,0,0,0,0,0,0,0,1,1,0,0,0,0,4,2,0,0,0,0,0,0,2,0,4,1,0,0,0,0,0,9,0,0,0,3,0,0,0,4,0,0,0,0,0,1,2,2,0,0,0,0,0,0,0,0,27,2,0,3,0,0,0,0,0,0,0,0,0,0,0,0,0,0,4,3,0,0,0,0,0,0,0,0,0,0,0,0,0,143,1952,0,2,4,0,0,0,0,0,0,0,3,18,0,0,0,0,0,0,4,0,0,0,0,0,0,0,0,0,3,0,6,0
11212.BWC2115,0,877,2,0,0,1144,2177,765,804,76,0,0,0,1,0,0,2,0,1,0,4,412,0,0,1,0,0,102,0,11,0,6,3,96,613,1,0,0,0,0,52,0,0,0,80,0,0,40,0,0,0,1,0,0,0,0,3,0,0,0,13,0,0,244,3,8,0,1,1,4,0,0,0,1,0,0,0,0,1,0,0,3,0,0,55,0,11,0,0,0,0,0,0,0,0,0,0,0,0,0,0,0,0,0,0,0,0,0,0,0,0,8,1,1,0,0,0,0,0,0,0,0,0,0,0,0,0,0,6,0,0,0,0,0,0,0,0,0,0,1,0,0,0,0,0,0,0,13,0,0,0,0,0,0,0,0,0,0,0,0,0,8,2,0,0,0,0,0,2,0,0,0,0,0,0,0,0,0,0,0,0,0,0,0,0,0,0,0,0,0,0,0,0,0,0
11212.ERUB.105M,1,46,4,0,6,0,9,0,1715,4,17,0,0,45,0,1,7,0,6,4,0,0,6,1,503,2,0,0,0,8,0,0,0,0,26,0,4,5,0,2,1,0,0,0,0,0,0,1,12,2,37,264,0,0,0,0,31,3,0,3,0,0,0,0,2,2,0,0,42,64,0,6,0,146,0,0,0,1,0,7,0,0,0,0,0,0,0,1,0,0,1,126,0,0,0,1,0,4,0,0,0,0,1,9,0,0,0,0,0,0,0,0,0,5,0,1,0,0,5,0,0,0,0,2,0,1,1,0,0,10,0,0,0,0,0,0,1,0,13,0,0,0,0,0,0,154,0,0,0,0,0,0,1,0,0,0,7,0,0,0,0,17,0,0,0,1,0,0,0,0,0,0,0,0,0,0,0,0,0,0,0,0,0,3,5,0,0,0,2,0,0,0,0,1,0
11212.ERUB.12M,0,192,1,0,0,9,20,5,2045,8,0,0,0,0,0,0,1,1,7,6,0,0,0,0,537,2,0,0,1,7,0,1,0,0,55,0,0,0,6,0,0,0,3,0,0,0,0,0,0,0,494,9,0,0,0,0,141,47,0,0,0,0,3,0,0,9,0,0,38,258,4,0,0,351,0,0,0,0,0,10,0,0,0,0,0,0,1,0,0,0,0,87,0,0,0,0,0,2,0,0,0,0,0,0,2,0,0,0,0,0,1,0,0,10,0,0,0,0,1,0,0,0,0,0,0,0,2,0,0,0,0,0,0,0,0,0,0,0,0,0,0,0,0,0,0,21,0,3,0,0,0,0,0,0,0,0,0,0,0,0,0,3,0,0,0,7,0,0,0,0,1,0,0,0,0,0,0,0,0,0,0,0,0,17,0,0,0,0,0,0,0,0,0,0,0
11212.ERUB.20M,1,26,0,0,0,1,24,7,1158,18,0,0,0,1,0,2,0,3,10,4,0,0,0,0,557,0,0,0,0,9,0,1,0,0,85,0,1,0,2,0,0,0,2,0,1,0,0,1,1,1,9,78,0,0,0,0,22,3,0,0,0,0,2,0,0,18,0,0,27,167,1,0,0,325,0,0,0,0,0,15,0,0,0,0,0,0,0,1,0,0,1,98,0,0,0,0,0,0,0,0,0,0,0,0,0,0,0,0,0,0,0,0,2,31,0,0,0,0,0,0,0,1,0,2,0,1,2,0,0,0,0,0,0,0,0,0,0,0,0,0,0,0,0,0,0,0,0,1,0,0,0,0,0,0,0,0,0,0,0,0,0,1,0,0,0,3,0,0,0,0,0,0,0,0,0,0,0,0,0,0,0,0,0,1,0,0,0,0,0,0,0,0,1,0,0
11212.Gor13,0,33,5,0,2,57,2,42,54,171,4,3,0,0,0,46,223,0,167,0,12,2,0,5,41,0,0,0,0,633,0,24,1,0,147,7,0,0,0,0,2,0,0,0,0,0,0,26,0,5,16,0,0,0,6,0,42,25,0,0,1,0,0,5,43,0,4,0,43,68,77,0,0,29,0,0,0,1,0,0,0,105,238,0,0,17,0,0,0,0,0,1,0,0,0,0,0,0,0,0,0,0,1,0,0,2,0,0,0,0,0,0,0,14,0,0,0,0,0,0,0,0,1,0,0,0,0,0,0,0,1,0,0,0,0,0,0,0,4,37,0,69,0,0,2,0,1,0,0,0,0,0,0,98,0,0,0,0,0,0,0,0,0,0,0,0,0,0,0,0,0,0,40,0,0,0,13,0,0,0,0,0,0,0,0,1,0,0,0,0,0,0,0,2,0
11212.Gor11,0,36,11,2,0,27,15,7,246,109,0,0,0,0,0,4,41,0,55,0,2,10,0,4,61,0,0,0,0,1208,0,11,21,0,102,0,0,0,2,0,3,0,0,0,7,0,0,9,0,0,5,0,0,0,10,0,33,27,0,0,1,0,0,3,71,0,0,0,2,31,7,0,0,1,1,0,0,1,0,3,0,107,541,0,0,12,0,0,0,0,0,0,1,0,0,0,0,0,0,0,0,0,0,0,0,0,0,0,0,4,0,7,0,9,0,0,0,0,0,0,0,0,2,0,0,0,0,0,0,0,1,0,0,0,0,0,0,0,0,10,0,120,0,0,0,0,0,0,0,0,0,0,0,25,0,0,0,0,0,0,0,0,2,0,0,0,0,0,0,0,2,0,0,0,0,0,0,0,0,0,0,0,0,0,0,0,0,0,0,0,0,0,0,0,0
11212.Gor12,0,21,86,0,0,100,22,100,112,271,0,1,0,0,0,15,202,0,0,0,42,8,0,15,100,10,0,0,0,1544,0,179,2,0,129,25,4,0,18,0,19,0,0,0,3,0,0,32,5,1,14,4,0,0,1,0,224,149,0,0,0,0,0,13,92,0,0,0,50,60,104,0,6,267,0,0,0,0,0,0,2,116,453,0,0,3,0,6,0,0,0,5,0,0,0,0,0,0,0,0,0,0,0,0,3,0,0,2,0,0,1,0,0,21,0,0,0,0,0,3,0,0,1,2,0,0,7,0,0,0,10,0,0,0,0,0,0,0,0,125,0,49,0,0,5,0,0,0,0,0,0,0,0,287,0,0,0,0,0,0,0,0,0,3,0,0,0,5,0,0,0,0,1,0,0,0,2,0,0,0,0,0,0,0,0,4,11,0,0,0,0,0,0,0,0
11212.Gor2,0,63,8,0,10,133,13,8,284,260,0,21,0,0,0,10,216,0,724,6,7,73,0,2,33,0,0,0,0,1181,0,40,24,0,74,49,7,0,0,0,0,0,0,1,72,0,0,0,9,0,59,0,0,0,5,0,22,47,0,0,2,0,0,4,72,2,7,0,0,9,97,0,0,22,0,0,0,0,0,0,0,133,534,0,0,11,0,1,0,0,0,0,0,0,0,0,0,0,6,0,0,0,0,0,0,0,0,0,0,0,0,0,0,25,0,0,0,0,0,0,4,0,1,0,0,0,0,0,0,0,0,0,0,0,0,0,0,6,0,0,0,8,0,0,10,0,0,0,0,0,3,0,0,188,0,0,0,0,0,0,0,0,0,0,0,1,0,6,0,0,0,0,20,0,0,0,0,0,0,0,0,0,0,0,0,0,0,0,0,0,0,0,0,0,0
11212.Gor3,0,27,6,0,3,148,16,47,137,194,0,0,0,0,0,2,62,0,161,0,8,15,0,3,25,0,0,0,0,824,0,38,7,0,128,10,0,0,0,0,3,0,1,0,22,0,0,42,0,0,11,0,0,0,11,0,126,99,0,0,1,0,1,11,18,1,0,0,1,61,26,0,0,71,0,1,0,0,0,0,0,143,901,0,0,7,0,1,0,0,0,2,0,0,0,0,0,0,0,0,0,0,0,0,0,0,0,0,0,0,0,0,0,2,0,3,0,0,0,0,0,0,0,2,0,0,5,0,0,0,1,0,0,0,0,0,0,0,0,0,0,7,0,0,0,0,0,0,0,0,0,0,0,391,0,0,0,0,0,0,0,0,0,0,0,1,0,0,0,0,0,0,1,0,0,0,0,2,0,0,0,0,0,0,0,0,1,0,0,0,0,0,0,0,2
11212.JB1,0,608,7,0,0,1037,59,164,18,163,0,1,0,0,83,22,208,0,2,17,4,38,0,0,54,0,0,0,0,874,0,2,0,10,88,10,0,0,1,0,42,0,0,0,0,0,0,15,7,0,3,2,0,0,0,5,30,2,0,0,4,0,0,0,34,0,0,0,0,88,0,0,0,85,0,0,0,0,0,0,0,47,794,0,3,1,3,1,0,0,0,0,0,0,0,0,0,0,0,0,55,0,0,0,0,0,0,0,0,0,0,4,0,21,0,0,0,0,0,0,0,0,0,0,0,0,0,0,0,0,0,0,0,0,0,0,0,0,0,0,0,31,0,0,0,0,0,0,0,0,0,1,0,0,0,0,0,0,0,0,0,0,0,0,0,0,0,0,0,0,0,0,14,0,0,0,0,0,0,0,0,0,0,0,0,0,0,0,0,0,1,0,0,0,0
11212.JB12,0,192,2,0,0,685,191,293,10,370,0,0,0,0,23,0,1,12,0,0,2,33,0,0,18,0,0,0,0,2164,0,1,0,1,375,1,0,0,4,0,41,0,2,0,2,0,0,68,0,0,6,0,0,0,0,13,64,1,0,0,1,0,1,0,0,0,0,0,2,79,0,0,0,66,0,0,0,0,0,4,0,49,226,0,0,2,6,0,0,0,0,0,0,0,0,0,0,0,0,0,69,0,0,0,0,0,0,0,0,0,0,1,0,13,0,0,0,0,0,0,0,0,0,0,0,0,0,0,0,0,0,0,0,0,0,0,0,0,0,0,0,33,0,0,0,0,0,0,0,0,0,0,0,0,0,0,0,0,0,0,0,0,0,0,0,2,0,0,0,0,0,0,0,0,0,0,0,0,0,0,0,0,0,0,0,0,0,0,0,0,0,0,0,2,0
11212.JB13,0,748,61,0,1,1090,249,127,8,484,0,0,0,0,4,0,0,3,35,0,93,36,0,0,104,0,0,0,0,1514,0,2,0,0,588,2,0,0,0,0,51,0,3,0,0,0,0,7,0,0,0,0,0,0,0,0,79,12,0,0,18,0,0,0,13,5,1,0,1,0,0,0,0,30,0,0,0,0,0,0,0,433,448,0,0,0,28,0,0,0,0,0,0,0,0,0,0,0,0,1,0,0,0,0,0,0,0,0,0,0,0,8,0,19,0,0,0,0,0,0,0,0,0,0,0,0,0,0,0,0,0,0,0,0,0,0,0,0,0,466,0,97,0,0,0,0,0,0,0,0,0,0,0,0,0,0,0,0,2,0,0,0,0,0,0,0,0,0,0,0,0,0,0,0,0,0,0,0,0,0,0,0,0,0,0,0,0,0,0,0,4,0,0,0,0
11212.JB15,0,459,2,0,0,380,248,191,16,480,0,0,0,0,52,0,0,1,17,0,66,313,0,0,229,0,0,0,0,3180,0,1,0,0,726,10,0,0,0,0,212,0,1,0,0,0,0,3,0,0,0,1,0,0,1,0,256,291,0,0,1,0,0,0,7,1,0,0,1,115,0,0,0,335,0,0,0,0,0,0,0,159,311,0,0,1,5,0,0,0,0,0,0,0,0,0,0,0,0,2,9,0,0,0,0,0,0,0,0,0,0,22,0,48,0,0,4,0,0,0,0,0,0,0,0,0,0,0,0,0,0,0,0,0,0,0,0,0,0,19,0,1,0,0,0,0,0,0,0,0,0,0,0,2,0,0,0,0,0,0,0,0,0,0,0,0,0,0,0,0,0,0,0,0,0,0,0,0,0,0,0,0,0,0,0,0,0,0,0,0,4,0,0,0,0
11212.JB17,0,609,8,0,0,534,615,658,17,631,0,0,0,0,0,0,1,0,1983,0,83,45,0,0,38,0,0,0,3,5103,0,6,1,0,292,0,0,0,2,0,77,0,0,0,0,0,0,1,0,2,0,0,0,0,0,0,95,8,0,0,0,0,0,1,5,10,0,0,2,0,0,0,0,103,0,0,0,0,0,0,0,224,117,0,0,2,9,0,0,0,0,0,0,0,0,0,0,0,0,3,1,0,0,0,0,0,0,0,0,0,0,1,0,7,0,0,0,0,0,0,0,0,0,0,0,0,0,0,0,0,0,0,0,0,0,0,0,0,0,2074,0,0,1,0,0,0,0,0,0,0,0,0,0,0,0,0,0,0,0,0,0,0,0,0,0,0,0,0,0,0,0,0,0,0,0,0,0,0,0,0,0,0,0,0,0,0,0,0,0,3,0,0,0,0,0
11212.JB18,0,1077,21,0,0,328,265,202,9,776,0,0,0,0,0,0,0,0,662,0,91,56,0,0,47,0,0,0,0,1707,0,6,0,0,438,0,0,0,5,0,9,0,13,0,0,0,0,2,0,0,8,0,0,0,0,0,137,208,0,0,6,0,0,2,2,55,0,0,3,0,0,0,0,3,0,0,0,0,0,0,0,675,681,0,0,0,13,0,0,0,0,0,0,0,0,0,0,0,0,0,0,0,0,0,0,1,0,0,0,0,0,1,0,8,0,0,0,0,0,0,0,0,0,0,0,0,0,0,0,0,0,0,0,0,0,0,0,0,0,677,0,0,0,0,0,0,0,0,0,0,0,1,0,0,0,0,0,0,0,0,0,0,0,0,0,0,0,0,0,0,0,0,0,0,0,0,0,0,0,0,0,0,0,0,0,0,0,0,0,0,0,0,0,1,0
11212.JB24,0,863,3,0,0,462,154,213,8,295,0,0,0,0,0,5,65,0,0,0,20,316,0,0,69,3,0,0,0,2777,0,3,0,0,258,0,0,0,3,0,234,0,2,0,0,0,0,2,7,0,2,1,0,0,0,14,72,55,0,0,24,0,1,5,1,1,0,0,1,10,0,0,0,177,0,0,0,2,0,7,0,40,455,0,0,0,0,0,0,0,0,0,0,0,0,0,0,0,0,0,3201,0,0,0,0,0,0,0,0,0,0,6,0,9,1,0,0,0,0,0,0,0,0,0,0,0,1,0,0,0,0,0,0,0,1,0,0,0,0,0,0,58,0,0,0,0,0,0,0,0,0,0,0,0,0,0,0,0,0,0,0,0,0,0,0,0,0,0,0,0,0,0,13,1,0,0,0,0,0,0,0,0,0,0,0,0,0,0,0,1,0,0,0,0,0
11212.JB25,0,599,6,0,1,1993,257,104,8,397,0,5,0,0,2,1,0,2,0,0,9,140,0,0,41,0,0,0,0,2153,0,5,0,0,515,4,0,0,2,0,67,0,4,0,1,0,0,27,0,0,0,1,7,0,0,0,122,40,0,0,28,0,0,1,2,12,6,0,3,8,0,0,0,43,0,0,0,0,0,1,0,382,476,0,5,0,2,7,0,0,0,0,0,0,0,0,0,0,0,0,315,0,0,0,0,0,0,0,0,0,0,1,1,7,0,0,0,0,0,0,0,0,0,0,0,0,0,0,0,0,0,0,0,0,1,0,0,0,0,864,0,19,0,0,0,0,0,0,0,0,0,0,0,0,0,0,0,0,0,416,0,0,0,0,0,0,0,0,0,0,0,0,0,0,0,0,0,0,0,0,0,0,0,0,0,0,0,0,0,0,6,0,0,0,0
11212.JB27,0,114,10,0,0,484,49,1292,2,160,0,0,0,0,0,0,1,0,0,0,0,121,0,0,76,0,0,0,0,3768,0,4,27,0,37,0,0,0,9,0,106,0,4,0,80,0,0,1,0,0,2,1,0,0,0,9,24,2,0,0,2,0,0,0,1,0,0,0,2,36,16,0,0,166,0,0,0,0,0,0,0,0,101,0,0,1,0,0,0,0,0,0,0,0,0,0,0,0,0,0,0,0,0,0,0,2,0,0,0,0,0,0,0,0,0,0,0,0,0,0,0,0,0,0,0,0,0,0,0,0,8,0,0,0,0,0,0,0,0,1,0,46,0,0,0,0,0,0,0,0,0,0,0,227,0,0,0,0,0,0,0,0,0,0,0,0,1,0,0,0,0,0,0,0,0,0,0,0,0,0,0,0,0,0,0,1,0,0,0,0,0,0,0,0,0
11212.JB28,0,1254,7,0,0,708,289,397,10,935,0,0,0,0,0,0,2,1,96,0,116,61,0,0,99,0,0,0,0,8478,0,2,0,0,651,0,0,0,3,0,151,0,0,0,0,0,0,26,0,0,0,2,0,0,0,0,418,101,0,0,11,0,0,3,10,71,0,0,2,56,0,0,0,17,0,0,0,0,0,0,0,259,212,0,2,0,0,0,0,0,0,0,0,0,0,0,0,0,0,0,387,0,0,0,0,0,0,0,0,0,0,4,1,10,0,0,0,0,0,0,0,0,0,0,0,0,0,0,0,0,0,0,0,0,0,0,0,0,0,627,0,6,0,0,0,0,0,0,0,0,0,0,0,0,0,0,0,0,0,0,0,0,0,0,0,0,0,0,0,0,0,0,1,0,0,0,0,0,0,0,0,0,0,0,0,0,0,0,0,0,3,0,0,1,0
11212.JB29,0,86,4,0,2,655,63,734,18,42,0,0,0,0,0,0,1,0,0,0,0,70,0,0,11,0,0,0,0,870,0,5,454,0,12,0,0,0,0,0,14,0,0,0,37,0,0,12,0,0,2,0,0,0,0,0,1,1,0,0,0,0,0,0,2,0,0,0,3,8,140,0,0,156,0,0,0,0,0,0,0,1,166,0,0,4,1,0,0,0,0,0,0,0,0,0,0,0,0,0,0,0,0,0,0,0,0,0,0,0,0,3,0,0,0,0,0,0,0,0,0,0,0,0,0,0,0,0,0,0,0,0,0,0,0,0,0,0,0,1,0,0,0,1,0,0,0,0,0,0,0,0,0,29,0,0,0,0,0,0,0,0,0,0,0,0,0,0,0,0,0,0,0,0,0,0,0,0,0,0,0,0,0,0,0,0,1,0,0,0,0,0,0,0,0
11212.JB3,0,118,5,0,1,228,22,773,11,78,0,0,0,1,0,0,2,0,0,0,1,127,0,0,30,0,0,0,0,6327,0,4,0,0,267,0,0,0,3,0,13,0,3,0,31,0,0,2,3,0,5,0,0,0,0,17,5,3,0,0,0,0,0,0,0,0,0,0,0,24,125,0,0,147,0,0,0,0,0,0,0,0,43,1,0,0,0,0,0,0,0,1,0,0,0,0,0,0,0,0,0,0,0,2,0,0,0,0,0,0,0,3,0,0,0,1,0,0,0,0,0,0,0,0,0,0,0,0,0,0,3,0,0,0,0,0,0,0,0,0,0,0,0,0,2,0,0,0,0,0,0,0,0,195,0,0,0,0,0,0,0,0,0,0,0,0,0,0,0,0,0,0,0,0,0,0,0,0,0,0,0,0,0,0,0,0,0,0,0,0,0,0,0,0,0
11212.JB32,2,67,4,1,0,393,42,1395,28,60,0,0,0,0,0,1,1,0,0,0,1,38,0,0,0,0,0,0,0,2876,0,4,66,0,7,0,0,0,10,0,16,0,4,0,48,0,0,2,0,0,1,1,0,0,0,2,31,0,0,0,2,0,0,1,3,0,0,2,0,21,148,0,0,186,1,0,0,0,0,0,0,0,55,0,0,0,0,0,0,0,0,0,0,0,0,0,0,0,0,0,0,0,0,0,0,0,0,0,0,0,0,7,1,0,0,0,0,0,0,0,0,0,0,0,0,0,0,0,0,0,0,0,0,0,0,0,0,0,0,0,0,17,0,0,0,0,0,0,0,0,0,0,0,135,0,0,0,0,0,0,0,0,0,0,0,0,0,0,0,0,0,0,0,0,0,0,0,0,0,0,1,0,0,0,0,0,0,0,0,0,0,0,0,0,0
11212.JB34,0,147,1,0,0,204,59,480,15,152,0,0,0,0,0,0,0,0,0,0,0,178,0,0,23,0,0,0,0,3619,0,4,16,0,100,0,0,0,4,0,253,0,0,0,118,0,0,7,0,0,6,0,0,0,0,36,13,0,0,0,1,0,0,1,4,0,0,0,1,18,65,0,0,206,0,0,0,0,0,0,0,0,684,0,0,0,0,0,0,0,2,0,0,0,0,0,0,0,0,1,0,0,0,0,0,0,0,0,0,0,0,1,0,0,0,0,0,0,0,0,0,0,0,0,0,0,0,0,0,0,8,0,0,0,0,0,0,0,0,0,0,250,0,0,0,0,0,0,0,0,0,0,0,56,0,0,0,0,0,0,0,1,0,1,0,0,1,0,0,0,0,0,1,0,0,0,0,0,0,0,0,0,0,0,0,0,0,0,0,0,1,0,0,0,0
11212.LabEllis3,0,2507,1,0,0,720,18,36,36,273,0,0,0,0,0,0,2,1,0,0,6,186,0,0,1,0,0,1,0,410,0,4,0,0,2264,0,0,0,0,0,841,0,0,0,1,0,0,2,0,0,176,3,1,0,0,0,1,0,0,0,2,0,0,2,4,0,0,0,4,4,0,0,0,1,0,0,0,0,0,0,0,947,0,0,0,0,0,0,0,0,0,65,0,0,0,0,0,0,0,0,0,0,0,0,0,0,0,0,0,0,0,29,1,0,67,0,0,0,0,0,0,0,3,0,0,0,0,0,0,0,0,0,0,0,0,0,1,0,0,1,0,0,0,0,0,0,0,11,0,0,0,0,0,0,11,0,0,0,0,0,0,0,0,0,0,0,0,0,0,0,0,0,2,0,0,0,0,0,0,0,0,0,0,0,0,0,1,0,0,0,0,0,0,0,1
11212.LagAb2,0,944,3,0,0,473,3,16,24,223,0,2,0,0,0,0,8,2,2,0,2,80,0,0,1,0,0,0,0,141,0,5,1,0,1068,0,0,0,0,0,102,0,0,0,1,0,0,10,2,0,744,3,0,0,0,0,23,0,0,0,0,0,0,0,0,0,0,0,2,22,0,0,0,0,0,0,0,0,0,0,0,586,0,0,0,0,0,0,0,0,0,34,0,0,0,0,0,0,0,0,0,0,0,0,0,0,0,0,0,0,0,13,1,0,64,0,0,0,0,0,0,0,0,0,0,0,1,0,0,0,0,0,0,0,0,0,0,0,0,1,0,0,0,0,0,0,0,6,0,0,0,0,0,0,9,0,0,0,0,1,0,0,0,0,0,0,0,0,0,0,0,0,0,0,0,0,0,2,0,0,0,0,0,0,0,0,0,0,0,0,0,0,0,0,0
11212.LagEllis1,0,780,1,0,0,296,140,117,18,348,0,0,0,1,0,0,7,0,0,0,0,106,0,0,0,0,0,0,0,210,0,7,0,0,1501,0,0,0,0,0,179,0,3,0,3,0,0,0,0,0,684,1,0,0,0,0,5,0,0,0,0,0,0,1,3,0,0,0,1,3,0,0,0,0,0,0,0,0,0,0,0,478,0,0,0,0,0,0,0,0,0,22,0,0,0,0,0,0,0,0,1,0,0,0,0,0,0,0,0,0,0,0,0,0,29,0,0,0,0,0,0,0,0,0,0,0,0,0,0,0,0,0,0,0,0,0,0,0,0,1,0,0,0,0,0,0,0,3,0,0,0,0,0,0,4,0,0,0,0,3,0,0,1,0,0,3,3,0,0,0,0,0,1,0,0,0,0,0,0,0,1,0,0,0,0,0,0,0,0,0,2,0,0,0,0
11212.LagEllis4,0,1116,2,0,1,683,13,19,20,346,0,0,0,0,0,0,0,0,1,0,1,36,0,0,0,0,0,0,0,95,0,6,0,0,726,0,0,0,0,0,94,0,0,0,1,0,0,2,0,0,297,0,0,0,0,0,24,0,0,0,0,0,0,4,2,0,0,0,1,10,0,0,0,0,0,0,0,0,0,0,0,1013,0,0,0,0,0,0,0,0,0,25,0,0,0,0,0,0,0,0,0,0,0,0,0,0,0,0,0,0,0,2,0,0,30,0,0,0,0,0,0,0,0,0,0,0,2,0,0,0,0,0,0,0,0,0,0,0,0,1,0,0,0,0,0,0,0,4,0,0,0,0,0,0,5,0,0,0,0,0,0,0,0,1,0,0,0,0,0,0,0,0,0,0,0,0,0,0,0,0,0,0,0,0,0,0,0,0,0,0,0,0,0,0,0
11212.Lc259,0,45,6,0,0,100,8,3,25,7,0,0,0,0,0,42,5,0,0,0,1,0,0,0,6,0,0,0,0,1241,0,1,6,1,87,0,0,0,0,0,1,0,0,0,2,0,0,3,0,0,0,0,0,0,2,0,36,0,0,0,0,0,0,18,4,0,0,0,5,0,0,0,0,130,0,0,0,0,0,0,0,0,266,0,0,0,0,0,0,0,0,26,0,0,0,0,0,0,0,0,0,0,0,0,0,0,0,0,0,0,0,1,8,87,0,0,0,0,0,0,0,0,0,0,0,0,0,0,0,0,0,0,0,0,0,0,0,0,0,1,0,0,0,0,0,0,0,0,0,0,0,0,0,0,0,0,0,0,0,0,0,42,0,0,0,0,0,0,0,0,0,0,0,0,0,0,0,0,0,0,0,0,0,0,0,0,0,0,0,0,0,0,0,0,0
11212.Lc301,0,53,3,0,0,25,34,4,29,4,0,0,0,0,0,242,2,0,2,0,0,3,0,0,25,0,0,0,0,746,0,3,11,0,42,0,0,0,0,0,0,0,0,0,0,0,0,2,1,0,0,2,0,0,0,0,97,0,0,0,0,0,0,2,4,1,0,0,8,2,1,0,0,338,0,0,0,0,0,0,0,1,205,0,0,0,0,0,0,0,0,7,0,0,0,0,0,0,0,0,1,0,0,0,0,0,0,0,0,0,0,0,3,126,0,0,0,0,0,0,0,0,0,0,0,0,1,0,0,0,2,0,0,0,0,0,0,1,0,9,0,0,0,0,0,0,0,0,16,0,0,0,0,0,0,0,0,0,4,0,0,21,0,0,0,165,0,0,0,0,0,0,1,0,0,0,0,0,0,0,0,0,0,0,0,0,0,1,0,0,0,0,0,2,0
11212.Ptr10,89,332,151,0,1,286,49,30,2459,27,0,6,4,1,1,46,31,0,0,38,21,1,0,0,9,1,0,0,0,165,1,7,181,1,3,17,0,0,2,0,4,0,0,0,14,0,0,4,0,0,19,1,1,0,1,0,302,14,0,0,2,0,3,27,92,0,5,6,0,165,0,0,0,334,1,0,8,18,0,0,51,207,67,1,50,0,0,0,0,0,0,34,0,0,0,43,0,0,0,0,0,0,0,0,2,0,0,0,0,0,2,1,0,57,0,0,0,0,0,0,0,0,0,0,0,0,0,4,0,0,7,1,0,0,0,0,1,0,0,2,0,17,1,0,0,0,0,0,0,0,0,2,0,4,0,0,0,0,0,42,0,0,0,0,0,239,0,0,0,0,0,0,0,0,101,24,0,1,0,24,0,0,0,0,0,0,0,0,0,0,2,0,0,0,0
11212.Ptr11,0,145,5,0,7130,225,13,70,26,400,0,47,0,0,0,0,4,0,0,0,74,36,0,0,63,0,0,0,0,3626,0,6,16,0,7,0,0,0,1,0,15,0,0,0,1,0,0,2,0,0,80,1,0,0,4,0,900,231,0,4,0,0,0,65,58,0,0,0,0,134,12,0,0,45,0,0,0,0,0,0,0,603,316,0,0,0,0,0,0,0,0,21,0,0,0,0,0,0,0,0,0,0,0,0,0,0,18,0,0,0,24,0,0,3,0,0,0,0,0,0,0,0,0,7,0,0,0,0,0,0,0,0,0,0,0,0,0,0,0,2,0,88,0,0,0,0,0,0,0,0,0,0,0,371,0,0,0,0,0,0,0,0,0,0,0,0,0,0,0,0,0,0,0,0,0,0,0,0,0,0,0,0,0,0,0,0,0,0,0,0,0,0,0,0,0
11212.Ptr13,0,110,0,0,358,592,7,56,46,177,0,1,0,0,0,1,2,4,0,0,47,22,0,0,351,0,0,0,0,1576,0,7,318,4,0,1,0,0,0,0,269,0,0,0,19,0,0,3,0,0,11,0,0,0,0,0,553,407,0,34,0,3,0,207,482,1,0,0,2,249,59,0,0,28,0,0,1,0,0,0,0,1415,111,0,0,0,0,0,0,0,0,202,0,0,0,0,0,0,0,0,0,0,0,0,2,0,0,0,0,0,222,2,1,48,0,0,0,0,0,0,0,0,1,5,0,0,0,0,0,0,1,0,0,0,0,0,0,0,0,1,0,6,0,0,0,0,0,1,0,0,0,0,0,50,4,0,0,0,0,0,0,0,0,0,0,2,0,0,0,0,0,0,0,0,0,0,0,0,0,0,0,0,0,0,0,0,0,0,0,0,0,0,0,0,0
11212.PTr14,0,71,10,0,0,168,29,174,29,57,0,0,0,0,0,1,3,0,0,0,35,57,0,0,82,0,0,2,0,5078,0,6,10,0,20,0,0,0,2,0,15,0,0,0,2,0,0,3,1,0,51,1,0,0,5,0,565,170,0,4,0,0,0,21,118,0,0,0,1,312,762,0,0,210,0,0,0,0,0,0,0,665,335,0,2,1,0,0,0,0,0,110,0,0,0,0,0,0,0,0,0,0,0,0,0,0,0,0,0,0,29,15,0,62,0,0,0,0,0,0,0,0,1,2,0,0,0,0,0,0,0,0,0,0,0,0,0,0,0,1,0,106,0,0,0,0,0,0,0,0,0,0,0,0,1,0,0,0,0,0,0,0,0,0,0,0,0,0,0,0,0,0,0,0,0,0,0,0,0,0,0,0,0,0,0,0,0,0,0,0,2,0,0,0,0
11212.PVAbb,0,198,8,1,0,1,19,1,2,2,0,0,0,0,0,0,1,0,0,5,12,2,0,0,0,0,0,0,0,42,2,0,0,0,4,0,0,0,0,0,9,0,0,0,1,0,1,0,0,0,40,0,0,0,0,0,1,0,0,0,1,0,0,142,0,1,0,0,0,37,0,0,0,433,0,0,0,0,0,0,0,4,5,0,0,0,0,1,0,0,0,0,0,0,1,0,0,0,0,0,0,0,0,0,1,0,0,0,0,0,0,0,0,1,0,0,0,0,0,0,0,0,0,0,0,0,0,0,0,0,0,0,0,0,0,0,0,0,0,0,0,0,3,0,0,0,0,24,0,0,0,0,0,0,0,0,0,0,0,0,0,0,0,0,0,0,0,0,0,0,0,0,0,0,0,0,0,0,0,0,0,0,0,0,0,0,0,0,0,0,0,0,0,0,0
11212.PVLou,0,107,6,1,0,4,10,1,0,3,0,0,0,0,0,0,1,0,0,21,5,0,0,0,2,0,1,0,0,24,0,0,0,0,3,0,0,0,1,0,2,0,0,0,4,0,0,0,0,0,33,0,0,0,0,0,0,0,0,0,0,0,0,61,0,0,0,0,0,10,0,0,0,387,0,0,1,0,0,0,0,1,1,0,0,0,0,1,0,0,0,0,0,0,0,0,0,0,0,0,2,0,0,0,0,0,0,0,0,0,0,0,0,0,1,0,0,0,0,0,0,0,0,0,0,0,0,0,0,0,0,0,0,0,0,0,0,0,0,0,0,0,1,0,0,0,0,12,0,0,0,0,0,0,0,0,0,0,0,3,0,0,0,0,0,3,0,0,0,0,0,0,0,0,0,0,0,0,0,7,0,0,0,0,0,0,0,0,0,0,0,0,0,0,0
11212.PVPam,3,169,175,1,0,75,14,29,1,68,0,0,0,0,0,0,11,0,0,11,21,6,0,0,1,0,0,0,1,31,1,0,0,0,7,0,0,0,1,0,7,0,0,0,4,0,1,6,1,0,74,0,0,0,0,0,0,0,0,0,4,0,0,160,1,0,0,0,0,88,0,0,0,749,0,0,1,0,0,0,0,5,2,2,0,0,0,2,0,0,0,0,0,0,0,0,0,0,0,0,0,0,0,0,0,0,0,0,0,0,0,22,0,0,0,0,0,0,0,0,0,0,0,0,0,0,0,0,0,0,0,0,0,0,0,0,0,0,1,0,1,0,0,0,0,0,0,27,0,0,0,0,0,0,0,0,0,0,0,0,0,0,2,0,0,0,1,0,0,0,0,0,0,0,0,0,0,0,0,0,0,0,0,0,0,0,0,0,2,0,0,0,1,0,0
11212.PVQui,0,200,15,1,0,48,8,8,2,7,0,0,0,0,0,1,7,0,0,0,10,11,0,0,1,0,1,0,2,86,0,2,1,0,8,0,0,0,4,0,7,0,1,0,2,0,2,0,2,0,50,0,0,0,0,0,2,0,0,0,10,0,0,117,1,0,1,0,0,20,0,0,0,372,0,0,1,0,0,0,0,4,13,0,0,0,0,2,0,0,0,0,0,0,0,0,0,0,0,0,2,0,0,0,1,0,0,0,2,0,0,2,0,0,0,0,0,0,0,0,1,0,0,0,0,0,0,0,0,0,0,0,0,0,0,0,0,0,0,0,0,0,0,0,0,0,0,17,0,0,0,0,0,0,0,0,0,0,0,0,0,0,0,0,0,0,1,0,1,0,0,0,1,0,0,0,0,0,0,0,0,0,0,0,0,0,0,0,0,0,0,0,0,0,0
11212.RC2036,0,406,2,0,0,222,418,486,14,102,0,0,0,2,0,0,1,0,0,0,0,270,0,0,0,0,0,0,0,34,0,4,0,0,18,0,0,0,0,0,6,0,0,0,205,0,0,1,0,0,116,0,0,0,0,0,0,0,0,0,0,0,0,2,96,0,0,0,3,0,1,0,0,2,0,0,0,0,0,0,0,0,0,0,4,0,0,0,0,0,0,0,0,0,0,0,0,0,0,0,0,0,0,0,0,0,0,0,0,0,0,19,0,0,1,0,0,0,0,0,0,0,0,0,0,0,0,0,0,0,0,0,0,0,0,0,0,0,0,2,0,0,0,0,0,0,0,0,0,0,0,0,0,0,2,0,0,0,0,0,0,3,0,0,0,0,0,0,0,0,0,0,0,0,0,0,0,0,0,0,0,0,0,0,0,0,0,0,0,0,0,0,0,0,0
11212.RC2068,0,742,34,0,0,316,123,318,16,951,10,2,0,0,0,0,0,6,1,0,11,69,0,1,26,0,0,0,0,2485,0,2,0,0,238,4,0,0,0,0,406,0,6,0,2,0,0,1,0,0,15,0,0,0,0,3,1,0,0,2,3,0,0,0,3,0,0,0,1,14,0,0,0,80,0,0,0,0,0,0,0,113,35,0,0,0,7,0,0,0,0,0,0,0,2,0,1,0,0,0,0,0,2,1,0,0,0,0,0,0,0,60,0,928,0,0,0,0,0,0,0,0,1,0,0,0,0,0,0,0,0,0,0,0,4,0,0,0,0,0,0,0,1,0,0,0,0,0,0,0,0,0,1,0,0,0,1,2,0,0,0,0,0,0,2,0,0,0,0,0,0,0,0,0,3,0,0,0,0,0,0,0,0,0,0,0,0,0,0,0,0,0,0,0,0
11212.RC2071,0,402,4,0,0,513,451,476,11,71,5,0,0,1,0,0,1,0,1,0,0,140,0,1,0,1,0,0,0,113,0,2,0,0,23,0,0,0,0,0,0,0,0,0,80,0,0,5,0,0,40,0,0,0,0,6,1,0,0,1,12,0,0,0,26,0,0,0,0,0,1,0,0,0,0,0,0,0,0,0,0,1,1,0,0,0,0,0,0,0,0,0,0,0,0,0,0,0,0,0,0,0,0,0,1,0,0,0,0,0,0,9,0,0,0,0,0,0,0,0,2,1,0,0,0,0,0,0,0,0,0,0,0,0,0,0,0,0,1,2,0,0,0,0,0,0,0,12,0,0,0,0,0,0,0,0,0,0,0,0,0,2,0,1,0,0,0,0,0,0,0,0,0,0,0,0,0,0,0,0,0,0,0,0,0,0,0,0,0,0,0,0,0,0,0
11212.RC2096,0,364,2,0,0,609,835,635,8,115,0,0,0,0,0,0,0,0,0,0,0,169,0,0,2,0,0,0,0,9,0,4,2,0,67,0,0,0,0,0,11,0,0,0,123,0,0,1,0,0,26,0,0,0,0,0,0,0,0,0,0,0,0,0,32,0,0,0,1,0,1,0,0,0,0,0,0,0,0,0,0,1,0,0,4,0,0,0,0,0,0,0,0,0,0,0,0,0,0,0,0,0,0,0,0,0,0,0,0,0,0,14,0,0,0,0,0,0,0,0,0,0,0,0,0,0,0,0,0,0,0,0,0,0,0,0,0,0,0,0,0,0,0,0,0,0,0,20,0,0,0,0,0,0,0,0,0,0,0,0,0,24,0,0,0,0,0,0,0,0,0,0,0,0,0,0,0,1,0,0,0,0,0,0,0,0,0,0,0,0,0,0,1,0,0
11212.RC2098,0,445,1,0,0,519,736,617,12,138,0,0,0,0,0,0,3,0,0,0,0,85,0,0,0,0,0,0,0,4,0,4,0,0,35,0,0,0,0,0,0,0,0,0,150,0,0,4,0,0,32,0,0,0,0,0,0,0,0,0,6,0,0,0,52,0,0,0,1,0,0,0,0,0,0,0,0,0,0,0,0,0,0,0,2,0,0,0,0,0,0,0,0,0,0,0,0,0,0,0,0,0,0,0,0,0,0,0,0,0,0,6,3,0,0,0,0,0,0,0,0,0,0,0,0,0,0,0,0,0,0,0,0,0,0,0,0,0,0,0,0,0,0,0,0,0,0,15,0,0,0,0,0,0,0,0,0,0,0,0,0,0,0,0,0,0,0,0,0,0,0,0,0,0,0,0,0,0,0,0,0,0,0,0,0,0,0,0,0,0,0,0,0,0,0
11212.RT2013,0,586,2,0,0,1065,122,235,32,431,0,0,0,0,1,0,2,0,1,0,13,159,0,0,98,1,0,0,0,4713,1,4,0,0,1142,0,0,0,0,0,278,0,3,0,0,0,0,0,0,0,8,1,0,0,0,0,77,35,0,0,18,0,1,0,15,0,0,0,0,30,0,0,0,246,0,0,0,0,1,0,0,45,751,0,0,0,8,0,0,0,0,1,0,0,0,0,0,1,0,0,0,0,0,3,4,0,0,0,0,0,0,2,0,52,1,0,0,0,0,0,0,0,0,0,0,0,0,0,0,0,0,0,0,0,0,0,0,0,0,0,0,0,0,0,0,0,0,0,0,0,0,0,0,0,0,0,0,0,0,0,0,1,0,0,0,0,0,0,0,0,0,0,0,0,0,0,0,0,0,0,0,0,0,0,1,0,0,0,1,1,0,0,0,0,0
11212.RT2017,0,609,2,0,0,559,163,152,34,919,0,0,0,0,4,0,1,8,0,0,17,71,0,0,86,0,0,0,0,3375,0,2,0,0,650,0,0,0,0,0,39,0,1,0,0,0,0,122,0,0,52,0,0,0,0,0,4,11,0,0,6,0,0,1,4,0,0,0,0,6,0,0,0,182,0,0,0,0,0,0,0,86,397,0,1,0,84,0,0,0,0,0,0,0,0,0,0,0,0,0,0,0,0,0,0,0,0,0,0,0,0,12,0,35,0,0,0,0,0,1,0,0,0,0,0,0,0,0,0,0,1,0,0,0,0,0,0,0,0,0,0,52,0,0,0,0,0,0,0,0,0,0,0,1,0,0,0,0,0,0,0,0,0,0,0,0,0,0,0,0,0,0,0,0,0,0,0,1,0,0,0,0,0,0,0,0,0,0,0,0,0,0,0,0,0
11212.RT2019,0,259,3,0,0,394,79,244,28,503,0,0,0,0,0,0,1,0,1,0,19,29,0,0,22,0,0,0,0,1884,2,3,0,2,202,3,0,0,0,0,95,0,0,0,1,0,0,1,0,0,0,0,0,0,0,7,0,8,0,0,1,0,1,2,3,0,0,0,2,8,0,0,0,19,0,0,0,0,0,0,0,4,220,0,0,0,10,0,0,0,0,0,0,0,0,0,0,3,0,0,0,0,0,0,0,0,0,0,0,0,0,11,0,18,0,0,0,0,0,0,0,0,0,0,0,0,0,0,0,0,0,0,0,0,0,0,0,0,0,0,0,0,0,0,0,0,0,0,0,0,0,0,0,0,0,0,0,0,0,2,0,0,0,0,0,1,0,0,0,0,0,0,0,0,0,0,0,0,0,0,0,0,0,0,0,0,0,0,0,0,0,0,0,0,0
11212.RT2021,0,1182,5,0,0,218,356,172,42,487,0,0,0,0,30,0,0,0,0,0,96,158,0,0,112,0,0,0,0,2961,0,12,0,2,220,0,0,0,1,0,28,0,4,0,0,0,0,3,0,0,372,0,0,0,0,0,1,29,0,0,6,0,0,4,63,0,0,0,0,152,0,0,0,161,0,0,0,0,0,0,0,72,88,0,0,0,25,0,0,0,0,1,0,3,0,0,0,0,0,5,0,0,0,0,0,0,0,2,0,0,0,23,0,40,0,0,0,0,0,0,0,0,0,2,0,0,0,0,0,0,0,0,0,0,0,0,0,0,0,0,0,0,0,0,0,0,0,0,0,0,0,0,0,0,0,0,0,1,0,0,0,0,0,0,0,2,0,0,0,0,0,0,0,0,0,0,0,0,0,0,0,0,0,0,0,0,0,0,0,3,0,0,0,0,0
11212.RT2048,0,223,27,0,0,553,134,190,26,670,0,0,0,0,1,9,1,13,0,0,20,129,0,0,7,0,0,0,0,2238,0,7,0,5,192,20,0,0,0,1,18,0,7,0,1,0,0,3,0,0,55,0,0,0,0,0,0,3,0,0,1,0,0,1,9,0,0,0,2,28,0,0,0,86,0,0,0,0,0,0,0,6,782,0,3,2,41,0,0,0,0,0,0,0,0,0,0,2,0,0,0,0,0,0,0,0,0,1,0,0,0,4,0,117,0,0,0,0,0,0,0,0,0,0,0,0,0,0,0,0,0,0,0,0,0,0,1,0,0,2,0,101,0,0,0,0,0,0,0,0,0,0,0,0,0,0,0,0,0,0,0,0,0,0,0,0,0,0,0,0,0,0,0,0,4,0,1,0,0,0,0,0,0,0,0,0,0,0,0,2,12,0,0,1,0
11212.AC6221,0,531,921,3,5,15873,264,774,10557,1855,0,104,2,14,188,2,27,5,232,0,154,1331,0,0,7,15,11,2,0,5473,4,70,2,0,1483,1,23,0,10,1,61,1,3,0,13,0,7,61,2,1,240,37921,11,0,0,1,16,18,10,0,5,3,0,166,636,37,4,4,9,71,27,0,77,15,3,26,93,20,23,0,77,171,94,13,10,0,66,2,1,0,16,88,0,0,104,0,0,0,28,24,0,29,0,0,3,0,1,0,0,0,0,203,18,59,0,0,0,66,4,44,0,0,0,1,3,0,72,8,15,37,0,17,0,0,359,119,1,13,0,228,118,3,2,4,29,6,0,0,0,1,2,0,21,70,0,0,30,1,5,10,0,400,30,2,0,1,96,1,0,2,22,0,0,0,0,0,0,59,24816,27,44,3,2,1,14,19,0,1,0,924,20,0,0,1,85
11212.AC6681,0,584,48644,6,12,936,72,379,4307,1379,0,450,1,6,284,34,252,14,267,2,129,3810,2,3,4,230,122,1,0,4216,0,70,1,0,1285,2,63,0,10,16,79,0,3,0,5,3,3,42,17,1,1,123,10,0,0,0,14,6,88,1,7,19,15,125,230,21,3,2,3,1686,3,0,11,7,0,151,11,33,26,0,118,162,123,1,2,0,28,6,1,0,9,32,0,0,306,1,3,2,115,82,0,0,0,4,2,0,0,3,0,0,1,154,27,21,0,0,0,24,18,28,4,0,0,0,2,0,93,3,7,231,0,57,0,0,264,13,15,39,0,72,1217,1,2,1,8,2,0,0,0,2,2,0,0,62,0,0,143,3,2,7,0,135,17,0,0,126,75,0,5,7,279,0,0,4,0,0,1,12,1478,722,26,15,2,0,3,13,0,1,0,405,47,7,0,2,35
11212.Ahyb10001,8,389,17,1,19,672,87,238,909,1577,2,44,0,28,3,28,100,6,187,9,451,367,0,11,75,8,43,0,0,14971,0,43,10,0,6682,5,211,9,10,3,297,45,0,0,15,0,2,21,1,1,5,225,2,0,4,0,175,82,2,0,15,2,2,108,129,184,3,3,23,7,4,1,113,14,2,7,25,10,15,0,37,1256,2,83,2,3,4,2,4,25,6,264,0,0,22,1,2,151,19,1,16,0,0,0,0,0,2,11,0,0,0,224,32,60,1,8,1,5,5,12,5,0,0,4,0,0,121,0,40,10,0,29,87,0,344,50,146,22,0,6,30,1,4,0,1,1,0,0,0,2,10,0,1,74,0,10,18,1,3,0,0,1,16,3,1,178,53,0,0,8,0,1,0,0,0,0,2,5,15,65,34,10,0,0,5,7,8,0,0,310,0,0,0,1,32
11212.Ahyb2571,21,667,100,3,16,550,98,259,380,1994,1,249,2,25,7,340,500,3,459,7,985,349,0,11,18,12,9,1,0,5214,0,58,3,0,5277,5,161,0,31,8,137,0,2,0,19,1,0,41,4,0,10,82,3,0,1,1,596,103,5,0,7,26,1,96,57,278,4,1,58,27,7,0,161,25,3,9,15,6,23,0,26,1770,15,19,1,0,75,0,5,2,2,868,0,0,36,4,0,69,29,0,94,2,0,0,1,0,4,10,0,0,3,189,28,69,0,4,2,3,7,9,19,0,0,6,0,0,50,0,30,21,0,1,7,0,191,131,3,3,0,13,97,2,13,0,3,4,0,0,0,1,3,1,4,68,1,18,17,1,1,0,0,0,0,7,0,354,51,0,0,2,1,17,3,7,2,0,1,1,14,63,33,50,2,1,9,4,19,0,4,470,0,0,0,41,95
11212.Ahyb4111,8,294,57,0,5,670,110,214,609,1111,0,47,2,7,6,3,13,1,1310,0,710,786,0,0,3,4,1,2,0,7570,0,49,2,0,6727,1,182,0,8,0,92,16,0,0,505,0,1,16,6,7,1,140,0,0,0,0,49,46,1,0,11,0,0,89,91,53,0,2,24,2,1,0,44,12,1,6,27,0,27,0,14,439,9,7,0,1,164,0,1,0,1,374,0,0,10,0,0,2,7,2,62,0,0,0,0,0,0,8,0,0,0,182,37,31,0,0,1,9,4,10,40,0,0,1,0,1,15,0,31,4,0,1,1,0,148,85,0,3,0,18,10,1,12,2,0,1,0,0,0,1,0,0,1,98,0,4,6,0,0,1,2,2,0,0,0,0,83,0,26,0,0,0,0,1,0,0,0,5,5,65,37,1,0,1,10,0,17,0,0,171,0,0,0,0,7
11212.APAL361,16,589,563,41,1442,1000,55,428,76948,993,0,31,0,3,166,7,28,5,28,0,7,255,0,0,3,4,2,0,2,1472,42,59,1,1,157,10,5,0,85,0,94,0,14,0,1,0,7,33,0,1,7,802,12,0,2,14,0,0,1,0,8,3,1,103,852,19,8,3,7,591,7,0,8,9,2,3,63,21,19,0,13,18,64,2,4,0,46,61,12,0,13,3,0,8,22,0,3,2,5,19,0,0,3,0,5,0,2,2,0,0,0,200,155,8,1,0,0,19,3,66,19,0,0,0,4,1,10,2,4,13,0,19,0,0,32,8,2,4,0,15,26,0,23,3,0,2,0,16,1,1,0,0,0,68,0,3,21,1,0,4,0,29119,3,0,6,1,42,2,0,9,6,0,7,0,1,0,2,68,2089,9,53,7,10,0,0,0,0,1,3,104,0,3,3,1,6
11212.APAL371,2,856,12771,5,22,1025,114,2048,25920,913,0,35,2,2,421,136,5,1,62,3,23,566,0,1,4,5,2,0,0,1205,0,74,9,2,959,7,21,3,2,0,102,0,2,0,6,0,7,50,1,3,3,224,5193,0,1,2,0,0,0,0,9,1,5,107,421,22,10,2,1,63,15,0,11,34,4,3,51,12,28,0,63,60,249,1,9,0,27,6,4,0,13,4,0,0,24,0,2,0,3,100,0,0,0,0,3,0,2,4,0,0,1,391,227,17,1,2,0,25,5,9,6,0,0,0,0,2,202,0,13,11,0,14,0,0,27,33,34,9,0,16,5,1,0,2,2,1,0,1,9,2,2,3,0,102,0,0,6,9,3,12,0,13904,10,0,0,16,82,2,0,1,13,0,3,2,130,0,0,38,2542,6,92,1,7,0,1,0,0,12,0,437,2,0,2,1,31
11212.APAL381,14,466,974,2,3,666,90,6819,8906,938,0,41,1,2,131,25,20,3,47,3,20,605,1,1,5,3,1,1,2,1320,0,57,6,0,529,8,12,8,0,0,168,0,1,0,4,2,3,73,0,0,107,213,367,0,1,4,0,1,1,0,20,2,0,170,357,15,26,1,2,31,14,0,7,32,5,4,89,12,36,0,41,25,174,1,6,0,20,3,1,0,11,2,0,1,44,0,1,0,4,7,0,0,3,0,4,0,1,4,0,0,4,193,534,7,0,2,0,37,2,20,0,0,0,0,0,0,31,0,10,13,0,14,0,1,26,19,15,8,0,9,13,3,9,0,2,5,0,20,3,1,1,0,0,126,0,1,7,3,3,5,0,4,1,0,0,9,47,5,0,1,66,0,12,0,0,0,0,24,3521,11,66,0,3,0,0,0,0,8,1,242,0,0,3,0,20
11212.APAL391,4,390,248,5,10,487,81,4545,12750,792,1,39,2,29,214,21,43,3,29,1,9,744,3,1,3,14,2,0,0,1061,2,68,10,1,240,7,29,16,3,0,256,0,0,0,1,4,3,37,14,51,160,251,71,4,1,6,0,1,0,6,20,0,1,195,541,10,33,1,4,49,9,0,3,38,3,7,69,33,36,0,31,24,239,80,6,0,19,0,1,0,17,4,1,0,67,1,6,32,1,22,0,0,2,42,0,0,1,18,0,1,4,171,449,6,0,0,4,51,9,23,53,0,3,0,0,0,62,2,2,23,0,23,0,1,30,19,17,2,1,5,3,1,0,1,1,3,3,27,0,5,4,0,0,148,0,3,31,2,2,5,0,3,1,0,0,8,47,6,15,1,119,2,11,674,0,2,6,33,6220,82,75,17,9,0,69,6,0,5,23,193,0,4,3,0,24
11212.Apalw131,3,519,40,1,2,802,106,6204,21063,604,0,106,2,6,356,2,22,4,46,1,7,601,2,0,4,16,11,0,0,1090,0,219,5,1,587,3,18,4,12,0,95,0,1,0,1,0,1,35,2,1,154,92,29,0,2,3,1,5,11,4,15,3,0,300,274,16,1,2,8,61,2,0,1,31,3,28,63,26,55,0,37,32,498271,16,0,3,13,1,6,0,8,69,0,1,87,0,0,1,24,6,0,1,0,6,38,0,0,14,0,0,0,226,196,6,0,0,0,33,4,29,11,0,0,0,0,0,9,0,2,50,0,4,0,1,49,20,1,3,0,5,123,1,4,1,2,4,1,0,6,4,5,0,2,195,0,4,24,2,1,8,0,2,0,0,1,0,69,8,0,5,5,0,0,30,0,0,1,19,1779,9,58,6,8,0,1,0,0,0,3,142,0,1,0,0,15
11212.Apalw141,4,507,89,0,6,1251,88,8284,17014,586,0,152,1,0,253,16,34,7,47,0,3,439,0,0,5,25,20,0,0,1271,0,168,9,1,544,3,18,3,9,0,87,0,5,0,1,0,2,30,0,0,89,82,9,0,0,1,2,6,22,0,12,5,2,231,211,12,0,1,2,70,4,0,1,28,1,46,75,33,46,0,42,27,360412,2,1,1,19,3,5,0,9,52,0,0,130,0,0,0,55,41,0,0,0,0,38,0,1,0,0,0,0,202,161,8,0,0,0,40,2,24,0,0,0,0,0,0,26,4,3,75,0,9,0,1,62,15,1,6,0,1,236,1,2,2,3,4,0,0,2,0,2,0,0,159,0,4,46,1,0,8,0,0,3,0,0,0,48,5,0,2,9,1,0,0,0,1,0,20,1736,2,53,0,5,0,0,0,0,1,0,132,0,0,0,0,16
11212.APF1031,4,290,122,0,2,337,40,1293,1784,275,18,212,1,15,5,25,433,116,107,42,12,289,2,9,5,40,31,2,5,4351,0,79,1,0,1462,5,108,1,1,2,92,0,1,2,2,0,2,33,11,0,0,274,13,0,0,2,3,0,31,0,5,7,66,108,69,11,137,2,0,33,2,0,2,2,1,72,34,6,21,0,61,112,12,2,0,0,18,2,2,0,11,2,0,0,195,1,0,44,54,14,0,86,0,0,1,0,0,0,0,0,0,76,18,12,0,0,0,26,4,45,6,0,0,0,0,0,19,0,6,144,0,9,0,0,124,6,247,10,0,7,288,1,6,0,2,2,0,3,0,21,0,0,0,70,0,2,72,1,1,3,0,0,10,1,0,161,40,2,0,2,1,0,0,4,0,0,0,2,12,2005,17,13,1,1,2,30,0,2,0,138,0,3,0,0,3
11212.APF1041,22,456,408,0,8,1150,79,4675,145,547,1,51,1,2,8,56,138,72,37,99,11,1008,0,0,14,7,6,1,0,3793,4,135,6,1,1411,5,94,0,1,0,290,0,2,4,6,0,4,33,2,0,14,63,17,0,0,2,3,0,6,0,16,1,22,254,48,18,7,2,0,19,4,0,3,2,0,14,32,14,37,0,45,200,12,6,0,0,25,3,10,0,13,4,0,0,69,0,1,54,16,59,0,8,1,0,1,0,1,0,0,0,2,143,41,25,0,0,0,42,0,85,3,0,0,0,1,1,57,0,12,31,0,4,0,1,80,12,259,8,0,8,31,4,2,0,5,2,0,8,0,1,0,0,0,124,0,1,16,1,1,2,0,2525,14,1,0,137,101,4,0,4,0,2,3,2,0,0,2,5,1,990,29,10,3,1,1,8,0,28,2,325,0,1,1,0,3
11212.APF381,0,565,1515,5,5,897,60,14183,1037,586,0,40,1,0,2,9,5,2,56,0,7,669,0,0,10,4,2,5,0,4494,0,108,6,0,2970,4,77,0,1,0,120,0,0,0,1,0,2,57,0,0,8,80,6,0,0,2,2,0,1,0,10,0,0,125,38,10,2,2,0,32,4,0,9,2,1,4,48,7,41,0,56,47,10,1,0,0,95,1,12,0,7,1,1,0,28,0,0,5,4,2,0,0,0,0,0,0,0,0,0,1,0,138,32,13,0,0,0,18,1,21,0,0,0,0,0,1,8,0,4,11,0,4,2,0,157,5,1,6,0,29,31,2,0,1,7,1,0,0,0,0,5,0,0,85,0,7,4,2,1,0,0,157,4,2,0,2,87,2,2,0,1,0,1,0,0,1,1,1,8,2,29,2,3,0,3,2,0,0,0,162,0,0,0,0,1
11212.Asen11111,2,137,143,2,6,616,55,926,850,348,278,237,0,8,3,383,10,1,1395,0,4,279,0,135,7,3,3,0,2,627,0,59,4,0,661,4,33,0,3,1,59,0,0,0,1,0,0,213,1,0,2,41,6,0,1,1,0,1,2,0,11,3,0,109,25,10,0,0,2,16,2,0,0,1,1,8,9,3,30,1,214,22,10,1,0,0,41,0,8,2,28,4,0,0,508,0,0,10,13,19,0,0,0,0,0,0,0,0,0,0,0,131,26,6,1,0,0,50,3,34,0,0,0,0,13,4,4,0,3,347,2,24,0,1,15,13,2,20,0,9,22,0,2,1,6,2,0,0,0,668,0,0,0,73,0,6,13,0,2,1,0,0,5,0,0,0,44,3,0,5,0,0,0,0,0,2,0,2,8,11,53,12,2,0,7,4,0,0,0,229,9,0,0,0,3
11212.Asen6851,2,335,33,9,8,793,56,278,289,584,1,42,1,0,7,17,10,1,16,2,23,498,0,0,13,2,1,0,2,238,2,61,3,0,568,2,16,4,3,0,270,0,0,0,3,0,0,36,0,0,77,10,5,0,8,4,3,1,0,0,19,0,0,208,17,12,7,0,3,40,9,0,6,21,1,6,9,41,40,1,35,76,16,0,9,0,23,0,3,0,5,5,0,0,31,1,1,36,1,60,0,0,0,0,0,0,0,0,0,0,0,127,40,21,0,2,0,13,1,44,0,0,0,0,0,1,31,0,7,4,0,8,2,0,6,35,2,4,0,6,7,0,1,1,3,3,0,4,6,1,4,0,0,94,0,2,3,0,3,7,0,0,4,0,0,2,73,1,0,1,1,0,0,0,0,1,0,2,146,3,49,4,6,0,0,0,0,0,0,230,1,0,0,0,3
11212.AsenLink11,24,777,2498,2,19,717,90,5087,242,742,0,50,3,25,12,16,22,3,21,0,41,533,0,3,18,11,8,1,0,2496,3,63,3,3,494,2,13,0,4,0,166,4,0,0,4,2,3,67,4,0,4,74,8,0,0,18,7,1,4,0,15,12,0,225,49,37,1,3,2,38,5,0,14,1,4,13,25,17,40,0,45,321,54,12,4,1,18,1,4,0,4,7,1,0,60,0,0,0,3,20,0,0,0,0,0,0,1,0,0,0,0,202,49,21,0,1,0,30,4,45,0,0,1,0,0,0,102,0,18,22,0,10,0,0,36,1,1,9,0,17,32,2,0,1,5,8,0,0,1,2,16,0,0,155,0,25,15,5,4,0,1,7,5,1,0,5,89,1,1,4,1,3,2,0,0,8,4,3,15,7,70,1,4,0,6,5,0,0,1,123,0,0,0,1,9
11212.AsenLink21,1,592,224,0,12,767,109,307,506,987,7,144,3,23,15,51,66,5,24,0,40,528,7,18,9,54,12,0,2,3199,0,108,6,0,444,1,19,0,1,0,493,5,0,2,6,4,1,58,6,8,0,50,4,3,0,0,1,1,10,5,16,8,1,219,90,21,5,3,0,41,4,0,27,4,1,38,60,17,55,0,34,170,33,9,1,0,16,0,3,0,5,6,0,0,85,0,16,4,19,22,0,0,0,2,0,0,0,1,14,1,2,211,56,24,0,2,2,5,12,46,35,1,2,0,0,1,19,0,18,37,1,2,2,0,132,9,3,1,3,11,107,0,3,2,1,3,6,0,0,7,9,0,0,131,0,20,56,0,3,0,0,29,32,0,1,6,78,0,22,1,1,3,1,69,0,0,8,1,11,13,96,25,7,0,9,11,0,0,14,105,0,26,0,1,21
11212.AsenLink31,7,142,36,0,3,356,53,1048,365,357,0,28,1,4,19,4,7,1,11,0,12,224,0,2,14,4,2,0,0,1902,0,37,2,1,311,1,16,1,2,0,29,1,0,0,8,0,3,42,0,1,36,34,5,0,0,6,5,0,2,0,7,2,0,90,66,9,7,1,3,14,9,0,1,13,3,4,21,6,42,0,23,20,23,8,9,0,13,0,1,0,6,3,0,0,25,0,0,1,2,36,0,0,0,0,0,0,0,0,1,0,0,75,26,11,0,0,0,5,1,23,0,0,0,0,0,1,84,0,6,8,0,3,0,0,96,11,0,1,0,3,5,2,0,1,3,1,0,0,4,1,2,0,0,62,0,3,2,1,2,0,0,2,1,0,0,3,45,2,0,0,0,0,1,0,0,2,0,14,281,5,17,2,3,0,2,0,0,0,0,115,0,0,0,1,20
11212.AsenLink41,4,274,90,2,11,819,61,309,334,531,0,33,2,5,16,21,8,2,17,0,15,425,0,5,7,1,1,2,0,1576,0,100,3,0,252,3,7,0,3,4,661,0,0,0,2,0,6,44,2,0,1,65,13,0,0,10,4,2,0,0,19,6,0,209,65,6,3,3,1,57,11,0,4,18,2,3,22,10,51,0,26,45,16,0,10,0,36,0,2,0,5,4,0,1,17,1,0,3,2,21,0,0,0,1,1,0,0,0,0,0,1,159,42,4,0,0,0,26,0,78,0,0,0,0,0,0,79,0,9,6,0,1,1,1,39,18,2,3,0,10,4,0,0,0,1,2,0,3,34,1,2,0,0,114,0,0,3,1,1,1,0,387,4,2,0,2,42,1,0,1,1,0,0,0,0,1,0,1,90,11,54,1,3,0,0,2,0,0,0,120,0,0,0,1,33
11212.AtbelzLink11,2,622,32,5,12,4707,129,13761,7584,3657,0,82,0,14,56,12,32,7,263,4,688,1872,3,30,59,23,5,2,1,6151,0,57,32,0,5367,6,132,0,10,6,611,2,0,0,17,0,1,28,11,4,19,121,6,1,0,1,546,11,8,0,31,4,0,203,100,165,1,1,3,2,1,0,158,16,0,18,10,12,55,0,44,1459,7,28,2,0,5,0,1,0,2,75,1,1,68,2,0,45,15,0,16,0,0,1,0,0,2,3,0,0,0,161,67,66,1,0,0,2,6,15,9,0,1,1,0,2,126,0,55,23,1,15,0,0,277,8,4,16,1,3,55,1,3,0,3,5,0,0,0,4,2,0,0,258,1,10,20,1,1,1,2,0,1,6,0,4,108,0,8,3,1,0,0,4,0,1,1,7,8,21,60,25,3,0,4,2,9,0,0,536,0,1,1,1,86
11212.AtbelzLink21,8,282,12,2,10,166,27,58,2871,259,2,23,1,9,96,18,27,2,52,0,131,128,3,6,27,6,2,0,0,11306,0,7,8,0,1949,2,48,1,3,0,68,0,0,0,9,0,2,11,6,2,11,188,16,1,0,0,38,30,1,0,3,0,0,28,220,60,2,4,6,32,1,0,15,6,0,9,36,4,7,0,15,267,5,10,0,0,2,0,0,0,1,74,0,0,20,2,7,0,12,0,22,0,0,2,0,0,0,0,0,0,1,54,7,17,1,0,0,2,4,9,3,0,0,1,0,2,36,0,9,3,0,13,11,0,673,3,0,13,1,7,13,0,0,1,0,1,1,0,0,10,9,0,0,34,0,9,9,1,0,0,1,4,0,0,1,5,9,0,1,3,0,0,0,45,0,0,0,3,303,4,10,4,3,0,1,0,15,0,5,59,0,0,0,0,8
11212.AtbelzLink31,11,33,51,2,18,91,23,32,358,168,9,1134,0,32,16,16,296,50,67,16,46,65,17,58,28,572,163,0,0,3832,3,26,29,0,1291,1,63,1,2,0,45,0,0,0,4,1,0,6,4,17,22,49,0,3,0,0,15,8,170,0,2,60,0,21,40,55,7,1,3,36,9,0,15,8,1,208,8,0,2,1,202,295,11,45,1,0,14,0,0,2,1,72,0,0,435,2,4,7,399,2,22,1,1,1,0,0,0,5,0,2,0,20,9,11,1,0,1,2,18,7,10,0,0,1,0,0,194,0,6,337,1,26,1,0,476,3,5,21,0,2,1394,0,4,0,0,0,4,0,0,17,3,0,0,21,0,19,190,0,0,0,6,1,0,0,0,8,5,2,3,5,3,1,6,13,0,0,0,5,180,23,6,25,0,0,12,10,10,0,6,51,0,4,1,7,1
11212.AtbelzLink41,13,63,5,0,28,111,19,33,1456,118,10,24,0,11,39,20,23,318,74,2,47,95,8,7,29,11,5,2,0,17077,1,7,6,0,1488,1,44,0,2,0,43,0,0,0,2,1,1,9,1,1,10,194,1,0,0,0,13,12,3,0,2,3,0,17,160,88,4,2,2,15,1,0,4,4,1,7,16,2,3,0,10,285,15,7,0,0,2,0,0,0,1,43,0,0,16,0,14,1,7,5,10,2,0,0,0,0,0,1,0,0,0,42,3,1,0,0,0,0,8,12,1,0,0,0,0,2,195,0,4,7,0,4,4,0,785,6,4,7,0,13,24,0,0,0,0,0,0,0,0,1,6,0,1,13,0,282,20,0,0,0,0,0,0,0,0,3,13,0,0,0,1,0,6,7,0,0,2,5,78,5,5,5,0,0,3,0,5,2,1,57,0,0,1,0,3
11212.AtbelzLink51,6,107,20,3,5,188,14,34,712,164,1,15,0,10,13,14,1,6,40,0,91,91,1,3,29,2,3,0,2,9342,3,4,19,2,1589,1,43,0,3,0,63,0,2,0,7,0,0,4,2,5,13,141,7,0,0,0,36,3,1,0,3,1,0,31,101,34,4,1,2,37,0,0,15,6,1,3,16,1,6,0,17,197,4,9,0,0,3,1,2,0,2,26,0,0,7,4,1,0,6,8,3,0,0,0,1,0,0,1,0,0,0,29,7,15,2,0,1,1,3,4,0,1,0,0,0,0,70,0,12,3,0,18,0,0,458,2,0,17,0,2,16,0,0,0,0,0,0,0,0,2,0,1,0,26,0,2,6,0,0,0,0,4,0,0,0,2,10,0,0,3,1,0,0,2,0,0,0,3,109,13,5,1,1,0,4,2,7,0,0,34,0,0,0,0,5
11212.BWC20231,0,965,108,1,12,1108,441,1203,80429,1330,1,188,8,3,1371,7,76,11,117,0,29,2287,0,1,30,18,28,2,0,1598,0,57,7013,14,2339,30,21,0,19,4,330,0,0,0,7,0,158,76,0,3,0,235,22,0,0,0,9,1,20,0,24,2,0,431,45467,22,2,47,7,1,87,0,12,227,17,40,42,303,35,0,132,12,24,9,78,0,344,0,1,0,7,14,1,0,198,5,1,11,158,45,0,0,3,4,0,0,1,2,1,0,2,410,25,19,0,0,1,366,1,16,5,0,0,1,0,0,4,10,188,72,0,0,0,0,396,3,0,0,0,19,577,6,0,7,23,3,3,15,0,3,0,1,0,142,0,2,78,3,7,0,0,3390,147,1,0,0,33,0,0,0,5,0,4,2,1,0,0,476,643,13,97,0,5,0,1,0,0,0,0,362,0,3,1,0,270
11212.BWC20261,2,1406,86,0,10,3224,487,1863,84798,2150,0,137,8,11,1591,1,36,7,87,2,40,3294,0,0,40,20,23,0,1,2268,2,137,565,22,4207,82,35,0,78,1,730,0,0,0,8,0,113,135,0,2,20,236,27,0,0,0,12,4,16,0,70,2,1,638,3753,28,4,31,20,2420,113,0,19,128,19,38,117,321,38,0,151,13,10009,8,84,0,209,0,2,0,9,41,0,0,179,4,2,36,86,56,0,0,1,6,0,0,0,1,0,2,0,758,34,36,0,0,2,234,1,27,7,0,0,8,0,0,1,24,24,62,0,0,0,0,118,4,5,0,0,27,365,6,0,11,19,3,3,20,0,2,4,2,0,226,0,4,74,4,7,0,0,3142,97,2,0,145,53,0,4,0,53,0,8,16,1,0,2,588,4586,17,134,12,4,0,1,6,0,1,2,434,39,0,2,1,132
11212.BWC20611,0,938,62,0,17,983,441,1309,2026,867,0,82,12,0,68,21,67,2,70,8,6,785,0,1,1,2,4,0,0,305,0,38,36,10,268,6,8,3,4,0,101,0,0,1,32,0,5,85,0,2,18,57,17,0,4,1,1,1,2,0,41,1,10,82,629,24,3,21,3,6,38,1,2,11,19,5,47,17,32,0,203,15,204,7,28,1,11,0,3,0,6,6,0,1,123,32,2,1,7,2,0,0,0,0,0,0,1,1,2,0,2,231,41,21,0,0,0,58,1,14,28,0,0,0,0,0,0,1,38,13,0,1,0,1,10,4,63,1,0,4,34,6,0,9,53,3,2,3,2,3,0,2,0,191,0,0,12,1,6,0,0,48,0,2,3,1983,32,0,2,15,0,0,2,1,6,3,0,139,147,192,94,4,8,0,2,0,0,7,2,308,0,1,0,3,14
11212.BWC20631,15,2206,171,28,14,25448,676,1118,108102,4198,5,128,4,45,850,50,94,4,113,2,13,7242,11,12,5,130,19,0,0,2027,18,62,307257,12,1918,59,26,0,90,2,15860,2,0,0,8,21,316,1333,3,25,0,549,319,5,0,3,2,1,2,12,34,5,2,1066,9187,41,32,78,15,33,42,3,1,173,35,9,46,514,29,0,103,7,60,15,42,0,754,4,2,0,2,19,2,0,390,0,65,2,10,113,0,2,1,16,0,1,0,8,0,1,0,1145,22,20,0,0,2,499,8,28,161,0,1,2,0,0,6,6,166,10,4,5,10,0,61,3,2,0,2,22,33,10,15,7,21,33,69,7,0,10,3,14,1,178,0,5,252,6,7,3,2,13359,2418,1,1,174,54,0,46,56,94,2,4,74,842,1,4,494,2676,46,96,26,6,0,18,24,0,3,42,297,0,10,0,6,153
11212.BWC21151,1,2693,223,0,11,2478,970,2576,148566,3403,0,53,16,3,605,3,5,2,72,0,20,5366,0,0,18,4,1,6254,1,450,0,157,230,17,2908,67,26,0,42,0,1488,0,0,0,10,0,76,455,1,4,0,349,50,0,1,0,11,5,1,0,128,1,1,1109,1357,118,2,18,29,124,97,0,29,265,11,3,15,363,84,0,197,20,7,4,112,0,217,0,2,0,10,38,1,5,156,1,0,9,3,80,0,0,0,0,0,0,2,0,0,1,1,1357,89,17,0,0,0,346,1,70,5,0,1,4,0,1,1,0,36,4,0,1,0,0,3,5,9,0,0,28,13,8,2,33,38,7,1,7,0,0,0,3,0,547,0,4,15,3,18,1,0,1266,20,13,0,60,86,0,2,1,12,0,2,4,2,0,5,687,13841,12,285,1,6,0,4,0,0,6,0,580,9,0,1,3,98
11212.ERUB.105M1,1,59,16,56,75,139,32,60,5684,215,4,242,0,88,57,122,2245,20,2,17602,278,112,6,9,610,38,34,0,0,2866,0,5,0,0,24,2,846,0,9,2,10,6,9,78,6,0,8,6,16,4,51,561,2,0,0,0,16,48,37,1,2,7,104,20,443,15,8,8,150,18,0,8,0,168,3,99,10,0,5,0,41,1,499,120,0,271,7,16,4,0,5,67,2,0,154,1,2,522,128,0,252,0,1,0,19,0,0,5,0,0,1,29,16,19,0,0,0,3,11,51,7,0,0,6,0,1,17,1,20,142,1,20,2,0,88,24,64,20,0,3,399,0,2,0,0,92,1,3,0,1,8,0,0,11,0,8,88,0,3,1,7,2,0,0,0,848,13,0,0,5,1,0,5,19,1,0,2,18,50,598,5,27,0,3,3,5,94,31,4,7,0,5,0,1,9
11212.ERUB.12M1,2,170,7,4,7,95,66,156,5640,659,0,9,0,7,91,10,22,4,5,12,321,329,0,6,603,8,2,0,0,2912,1,13,0,0,73,1,12,0,14,10,31,0,2,316,7,0,11,13,3,0,340,123,9,0,0,0,48,52,0,0,8,0,355,96,730,34,0,6,83,80,3,8,7,661,5,2,25,0,11,1,7,6,168,5,0,417,54,13,1,0,4,67,0,0,6,0,1,37,6,0,250,0,1,0,8,0,0,0,3,0,0,43,46,40,1,0,0,4,3,24,3,0,0,4,0,3,29,4,23,10,0,0,0,0,33,120,76,1,0,4,7,0,0,3,0,7,1,2,5,0,4,0,0,56,0,4,1,0,0,21,0,0,0,2,0,10,41,0,0,3,3,1,3,0,0,0,2,55,43,95,25,28,1,4,6,2,83,1,0,22,0,4,1,0,34
11212.ERUB.20M1,4,162,38,13,12,106,87,186,4729,485,1,15,0,25,32,51,120,6,11,4,497,342,12,4,1319,2,5,0,0,3935,3,33,0,1,213,2,14,1,24,4,26,0,1,105,13,2,33,9,2,2,25,220,6,2,0,0,39,50,1,2,7,0,23,102,300,43,2,3,121,67,2,3,4,621,5,9,28,2,24,0,6,5,705,4,0,119,21,7,1,0,2,60,0,1,35,0,1,3,4,0,503,0,2,0,3,0,0,0,1,2,0,30,174,60,0,2,0,4,4,32,3,0,0,3,0,1,18,3,32,13,3,2,2,0,46,99,90,4,0,2,10,0,4,3,2,2,0,2,0,0,0,0,0,88,1,3,2,0,5,3,2,1,0,1,0,2,30,0,2,2,2,0,6,0,0,0,1,51,56,21,28,23,2,1,6,6,190,0,0,28,2,2,1,0,35
11212.Gor131,120,187,313,13,308,147,135,151,213,1241,4,1459,1,91,1,119,239,44,1764,187,110,434,0,116,13,217,115,0,4,1485,121,19,22,2,1022,18,70,0,9,0,79,61,9,7,44,3,3,4975,7,37,63,42,8,0,0,0,14,5,79,2,5,46,2,108,56,5,3,3,1,7,129,1,20,65,4,159,38,1,14,0,315,80,168,74,18,22,3,12,6,9,19,7,0,11,603,3,2,6,189,55,1,2,2,2,7,0,0,23,7,0,0,72,98,79,1,0,6,16,4,14,17,29,0,0,1,2,6,0,102,219,1,10,68,0,118,8,7,17,1,2,554,59,227,3,6,2,3,6,0,36,17,0,0,144,2,53,133,1,25,0,17,2,5,3,1,15,5,1,2,6,0,0,14,12,1,0,0,4,30,28,19,6,1,2,54,9,2,1,7,359,0,2,1,1,69
11212.Gor111,50,214,80,16,122,280,170,923,425,653,0,237,2,146,26,57,120,9,724,9,62,410,1,59,9,70,43,0,5,3114,13,64,210,0,345,30,71,2,17,4,344,15,5,0,17,9,1,981,20,26,25,60,6,4,0,0,9,9,26,0,5,19,3,95,78,7,26,7,1,30,43,4,10,30,11,57,33,1,18,0,80,67,422,101,25,85,114,12,2,8,9,18,1,0,141,3,1,4,194,1,2,4,0,3,5,0,0,12,18,0,0,166,74,36,0,4,0,15,9,29,12,0,1,1,0,0,7,1,39,64,0,2,8,0,54,1,29,11,0,19,259,87,20,3,1,1,0,5,0,11,49,0,0,92,0,49,63,1,11,0,2,14,3,2,0,10,4,2,0,4,4,3,21,5,0,0,7,4,43,13,7,10,1,1,74,12,1,9,1,143,2,0,1,1,50
11212.Gor121,240,326,1908,47,2437,252,119,202,285,1341,31,727,3,494,5,330,987,46,976,25,370,765,1,267,7,168,118,0,7,2430,38,54,55,0,234,10,290,0,22,18,82,199,8,8,40,10,4,5912,54,33,23,46,24,1,0,0,30,21,70,0,8,109,4,99,96,11,13,7,3,17,129,1,27,625,7,163,43,7,28,0,300,54,333,263,15,20,14,25,4,17,22,41,0,4,964,4,6,19,745,18,4,8,2,0,21,8,2,16,5,0,0,120,229,91,0,2,1,18,12,36,10,0,0,1,4,4,2,0,66,278,0,25,161,0,125,58,18,36,2,5,588,36,77,14,5,0,1,8,0,83,162,1,0,290,2,79,180,1,107,0,33,12,1,1,0,47,10,2,8,18,1,8,21,12,0,1,33,4,65,273,23,17,0,3,226,21,0,0,16,618,1,10,1,2,26
11212.Gor21,65,283,77,10,175,496,304,943,1388,2069,2,160,0,85,4,113,74,59,3506,46,102,542,4,124,11,75,32,0,0,10889,49,42,96,1,139,14,50,0,18,4,101,17,3,0,27,10,1,258,16,146,53,45,1,5,0,0,10,11,15,2,3,26,2,99,35,7,58,6,1,18,68,5,15,84,10,43,19,3,15,0,124,138,656,84,12,42,16,3,2,5,14,13,1,2,343,6,9,7,91,50,8,2,1,5,1,2,0,33,21,0,1,148,70,41,1,0,2,13,23,71,150,1,1,1,5,3,2,2,49,58,0,10,20,0,257,6,4,12,2,3,128,12,38,0,2,1,1,0,0,63,27,1,5,277,0,50,52,0,14,7,32,2,2,1,1,7,9,3,13,7,1,2,10,50,0,0,5,2,20,51,48,7,2,0,53,6,3,1,12,115,0,7,1,1,11
11212.Gor31,105,922,930,32,234,376,400,820,781,2274,6,1214,6,174,10,346,377,41,5260,126,673,2683,2,272,20,221,129,8,21,7182,42,143,99,2,702,60,74,0,32,2,240,15,17,1,112,6,11,14516,23,36,117,174,10,0,1,0,47,38,78,0,36,44,9,432,148,21,25,31,5,55,105,3,66,1045,45,173,110,14,78,1,1291,325,1792,146,23,50,31,52,6,2,70,126,1,3,1974,11,2,17,207,0,46,3,1,5,32,1,1,27,11,2,1,309,1080,237,0,1,0,160,26,45,18,0,0,1,6,5,15,1,256,364,0,92,7,1,180,101,40,103,0,6,588,6,183,5,20,1,2,4,2,174,121,1,0,1293,4,96,196,2,18,0,13,2,3,2,4,46,23,3,5,39,4,0,21,14,0,1,10,13,179,82,80,16,1,2,111,11,10,8,1,322,1,4,1,2,82
11212.JB11,0,3371,116,0,22,17817,21441,677,2372,8115,0,56,3,2,11946,22,9,2,464,0,115,7636,0,9,21,30,21,1,0,6567,0,91,0,2,2150,3,9,0,37,0,1037,0,0,0,6,0,10,4366,0,5,10,30,41,0,0,15,7,6,4,0,19,6,0,886,8894,22,1,7,2,68,27,1,8,390,19,10,56,23,16,0,80,131,44762,5,42,43,100,12,4,0,47,8,0,8,191,16,0,1,33,1511,122,0,0,0,0,0,2,1,18,0,0,445,45,99,0,0,156,86,1,70,3,0,0,0,0,0,79,4,69,32,0,7,0,2,253,28,5,5,0,21,126,79,2,2,11,7,1,0,2,21,0,0,0,91,0,0,19,0,1,1,0,0,0,5,0,2,47,3,3,7,6,0,0,12,0,1,0,166,164,18,56,8,1,0,0,0,21,1,4,511,526,0,0,1,192
11212.JB121,2,6245,94,0,3,8240,4795,1178,1674,7569,0,166,3,1,6158,47,48,5,358,120,148,9326,0,6,38,41,29,1,3,10445,0,118,0,3,6172,1,29,0,67,0,2792,0,4,0,8,0,5,11328,8,0,15,60,32,0,0,7,24,8,25,0,19,16,1,767,295,13,66,6,9,115,25,1,18,522,17,46,118,31,19,0,84,147,18366,1,14,40,164,18,1,0,10,19,0,0,242,6,0,2,94,454,111,49,0,0,3,2,0,0,8,0,0,895,51,106,0,0,7,149,3,79,0,0,0,1,1,0,82,7,104,77,0,4,0,0,203,18,324,2,0,11,325,149,14,0,10,5,0,0,1,10,0,1,2,161,0,1,54,3,2,0,0,0,0,2,0,61,37,3,0,0,4,0,0,0,2,0,1,86,133,15,52,7,2,0,4,0,13,4,2,615,425,2,0,0,261
11212.JB131,0,9537,42357,0,53,10430,7340,867,1919,11809,2,87,2,0,1801,14,15,3,6047,0,658,14173,0,4,136,26,15,0,1,12788,0,69,0,1,6462,2,31,0,77,0,3656,0,2,0,12,0,10,65,0,3,8,34,12,0,0,2,28,13,11,0,37,4,0,1297,1767,41,6,4,3,2,16,3,15,217,9,17,103,24,44,0,59,756,27495,3,16,12,194,20,1,0,11,90,0,1,158,21,1,1,40,688,3,0,0,0,3,0,0,0,13,2,0,2282,86,76,0,0,31,74,1,141,8,0,0,3,0,4,270,4,32,26,0,6,2,1,191,14,9,4,0,10277,113,188,1,1,7,10,1,0,69,6,0,2,1,226,0,1,17,4,2,16,0,0,0,1,0,6,40,1,0,3,0,0,0,34,0,1,0,77,100,9,100,3,1,0,0,0,0,4,1,1245,446,0,0,2,100
11212.JB151,0,6771,93,1,31,4760,11034,388,3581,9041,0,50,2,0,7123,8,6,3,1535,1,303,46587,0,3,139,13,12,3,0,16670,0,67,0,0,5846,4,36,0,33,0,3237,0,1,0,6,0,2,107,2,0,1,46,7,0,1,9,42,52,4,0,15,1,0,599,2100,18,1,14,8,86,37,1,19,845,25,10,232,9,21,0,40,286,2102,9,33,48,250,8,2,0,13,90,0,0,105,17,0,3,17,448,11,0,0,0,1,0,0,0,11,0,0,464,59,144,0,0,42,80,0,161,1,0,0,1,0,0,27,18,18,16,0,1,0,1,312,54,3,5,0,552,52,10,9,0,2,3,0,0,4,3,2,1,0,126,1,6,7,1,3,0,0,2,0,4,0,7,35,0,0,0,29,1,0,0,0,0,0,172,180,10,43,2,2,0,0,2,3,2,0,310,178,0,0,1,104
11212.JB171,0,42824,318,0,71,9795,87388,1068,9174,36618,0,104,4,2,566,21,17,3,186948,0,1028,18197,0,7,33,183,9,1,1,41699,2,173,0,1,13331,10,61,0,125,2,4379,0,6,0,23,0,2,149,2,3,2,135,21,0,1,7,66,21,9,0,56,3,2,1695,121,57,2,4,5,7,29,5,42,849,7,14,116,36,50,0,114,1177,22131,5,33,28,344,22,1,0,19,85,0,3,240,8,2,1,22,3894,2,1,0,6,8,0,1,1,38,0,0,20454,290,152,0,0,90,149,2,433,12,0,0,1,0,1,47,18,124,24,0,9,0,1,526,48,4,5,0,91119,91,5,36,3,14,8,0,0,1035,35,0,0,0,315,0,2,13,3,5,21,0,0,0,4,1,2,158,3,1,2,0,0,0,7,0,1,0,180,275,16,140,5,6,1,1,4,0,2,2,1630,24,0,0,0,151
11212.JB181,2,23066,365,9,55,11330,108767,562,4369,28646,0,45,3,4,345,14,8,1,58967,0,1501,15275,2,3,27,73,4,0,2,12644,0,141,0,1,15960,6,77,0,157,8,784,0,16,0,17,0,0,79,4,4,27,42,220,0,0,6,63,116,3,0,44,5,0,1024,96,142,3,6,12,6,13,0,26,41,6,4,73,29,37,0,60,2250,33212,6,17,10,238,128,0,0,12,189,0,3,137,18,5,7,12,2321,1,0,0,0,21,0,1,0,26,6,0,5836,303,99,0,6,10,173,3,65,1,0,0,6,0,7,73,10,25,14,0,2,0,0,369,27,1,4,0,21381,42,2,11,0,8,8,0,0,182,7,0,1,0,221,0,0,6,4,5,43,0,0,0,2,0,1,68,2,1,2,0,1,0,0,0,0,0,119,104,17,98,7,4,2,1,11,2,1,2,754,30,2,0,1,109
11212.JB241,0,14232,157,2,3,9545,7295,1589,6148,7045,0,42,0,7,402,10,19,5,1137,46,191,26294,0,1,100,14,7,0,0,25381,0,107,4,1,6678,1,24,0,48,2,3017,0,3,2,5,3,2,29,3,4,9,147,25,0,0,6,23,45,5,2,54,9,1,1764,1563,19,3,9,7,25,14,0,15,1756,9,7,282,12,51,0,37,96,21131,2,20,6,170,31,1,1,6,79,0,0,66,12,0,3,23,368,5106,0,0,1,5,0,1,0,0,0,1,1344,72,71,0,0,13,220,3,170,10,0,0,1,0,1,32,6,12,16,0,2,0,1,787,80,31,2,0,22,33,192,6,1,2,3,0,0,2,5,4,1,0,389,2,2,7,3,1,0,0,0,0,2,6,21,36,0,0,2,1,0,0,5,0,0,1,155,288,11,93,3,3,1,1,3,733,0,3,676,124,0,0,1,50
11212.JB251,32,9474,218,6,11,431866,43651,3321,3162,13303,0,97,3,3,833,66,33,22,189,46,300,25341,0,1,44,43,11,3,8,16076,0,112,2,1,8557,3,56,0,54,3,2333,1,2,0,13,0,1,536,3,0,3,64,78951,0,0,6,39,27,8,1,24,12,12,957,56,46,943,2,6,19,21,1,21,338,6,14,74,26,32,0,70,643,7686,2,16,12,127,101,1,2,7,98,0,1,210,13,2,1,43,85,398,38,0,1,18,3,3,0,9,0,0,1868,87,85,0,0,9,125,1,127,7,0,1,2,2,0,31,27,61,24,0,4,0,1,474,23,262,3,0,15310,97,55,2,1,6,23,0,0,13,0,2,3,0,203,0,7,21,11,79,3,0,0,0,1,0,260,36,1,0,1,1,1,0,3,1,0,1,86,255,20,69,1,1,1,0,0,56,40,7,1222,266,0,0,1,71
11212.JB271,0,2642,187,4,58,1346,701,1052,8279,4126,0,50,20,4,433,2,4,4,281,1,94,2873,0,3,562,35,13,1,2,38728,0,144,1730,1,911,11,5,0,157,0,934,0,2,0,55,3,7,180,4,1,11,123,37,0,1,12,20,20,3,0,35,2,0,362,155,29,1,14,4,137,160,7,21,619,10,4,314,126,35,0,133,11,326,7,133,174,31,9,4,0,25,10,0,1,69,44,0,0,22,969,0,0,0,0,1,15,2,0,17,0,0,474,45,159,0,0,0,79,2,192,2,2,1,0,0,0,104,2,48,30,0,2,2,3,881,87,0,2,0,13,16,348,19,6,14,3,0,0,1,0,0,3,0,973,0,0,6,3,6,0,0,0,0,16,0,0,60,7,0,3,34,0,0,0,0,2,1,351,149,9,83,2,1,0,0,7,0,0,0,1142,2,0,0,1,225
11212.JB281,4,6356,156,2,4,86239,24774,408,8042,14863,0,70,6,10,531,8,19,2,7455,2,940,21311,2,3,25,17,8,0,0,43784,0,130,0,0,8510,3,46,0,34,2,2916,1,3,0,9,0,2,3309,3,8,11,76,24,0,0,5,56,56,9,2,33,2,0,916,851,148,13,4,8,37,17,1,26,133,4,20,350,20,31,0,42,429,3193,10,10,7,178,13,2,0,3,311,0,1,126,1,1,0,27,158,268,4,0,4,1,0,1,1,7,0,0,6527,129,121,0,0,956,148,2,281,12,0,0,5,5,0,11,11,24,29,0,0,0,0,1338,44,3,0,0,7348,127,6,12,0,7,3,2,0,3,3,4,1,0,185,0,2,29,0,8,0,0,0,0,4,0,4,41,0,3,1,2,0,0,10,0,0,0,220,240,16,53,0,1,1,1,2,45,2,5,641,602,2,0,1,116
11212.JB291,1,1348,480,0,8,1073,1368,1028,1726,1556,0,46,9,27,195,3,12,0,152,2,5,2082,0,0,27,42,62,1,2,6413,0,80,5038,1,248,1,2,0,87,0,670,0,1,0,13,0,1,135,1,2,4,57,18,0,0,1,2,27,2,0,18,2,0,270,426,19,1,11,1,20,130,9,4,198,19,4,200,85,18,0,90,44,268,14,71,194,9,3,1,0,33,9,0,0,63,15,3,0,29,593,0,0,0,0,1,42,0,1,52,0,0,99,54,12,0,0,1,148,1,52,26,1,0,0,0,0,31,0,6,177,0,3,0,6,110,33,0,3,0,15,34,107,15,2,4,6,0,0,4,4,0,0,0,278,0,2,21,1,5,0,0,0,1,5,0,0,27,14,0,2,2,0,3,5,0,1,1,331,102,4,42,1,29,0,0,8,0,0,0,283,1,0,0,0,200
11212.JB31,6,6667,2050,3,21,1624,1681,1443,19115,12814,0,43,37,12,1316,7,10,4,786,4,193,6708,0,0,489,27,15,1,0,80854,0,218,4,2,6274,18,49,0,334,0,1114,0,1,0,73,1,6,648,3,2,94,360,66,0,1,120,74,204,2,0,49,4,1,684,598,51,14,42,9,175,299,3,91,2640,50,7,912,49,45,0,185,26,2051,23,174,60,255,11,8,0,33,19,0,1,187,22,2,0,26,2946,0,0,0,0,0,22,6,2,28,0,1,1374,90,322,0,0,2,165,2,392,3,1,1,0,2,0,263,5,79,16,1,0,0,1,3036,195,1,4,0,156,43,816,22,10,35,10,0,0,103,3,0,1,0,1575,0,2,4,3,6,2,0,0,0,100,0,1,78,4,2,1,46,0,0,1,0,2,1,809,343,23,75,13,3,1,1,10,0,1,0,528,10,0,0,2,334
11212.JB321,0,885,147,1,6,1034,270,1404,2992,1140,0,26,36,10,185,6,17,0,209,0,11,1869,0,1,5,13,10,0,0,10238,0,84,827,1,422,0,6,0,45,0,306,0,2,0,12,1,1,65,0,2,4,57,11,0,0,2,14,36,1,0,14,1,0,254,130,14,1,43,8,16,135,4,6,228,51,3,137,73,12,0,76,22,211,8,66,135,267,3,3,0,19,10,0,1,68,8,1,2,13,828,0,0,0,0,1,16,0,0,26,0,0,111,31,34,0,0,2,118,1,59,15,1,0,0,0,0,84,0,8,16,0,0,0,1,389,40,0,1,0,7,26,360,12,1,9,2,0,0,52,2,2,0,0,371,0,6,4,1,1,0,0,0,0,6,0,0,62,10,4,2,1,0,0,1,0,0,0,175,75,4,46,0,12,0,2,3,0,0,0,308,0,0,0,0,431
11212.JB341,1,2508,254,0,17,777,749,2563,11365,4441,0,26,19,8,724,2,5,1,310,0,66,3883,0,0,179,21,13,0,0,40557,0,100,344,1,2228,2,16,0,89,0,1124,0,0,0,43,3,4,239,3,0,28,266,23,0,0,13,18,15,1,0,75,3,0,461,373,25,13,34,7,45,150,3,25,825,34,2,1532,31,38,0,85,12,679,7,72,54,56,11,4,1,12,16,0,1,62,6,0,1,8,3220,0,0,0,0,0,5,1,0,5,0,0,961,62,118,0,0,2,70,1,131,6,1,1,0,0,1,163,2,30,17,0,0,0,1,1554,81,3,1,0,24,11,751,25,5,21,1,0,0,15,0,0,1,0,766,0,0,2,1,3,0,0,0,0,10,0,0,36,13,2,0,4,0,0,0,2,0,0,472,289,3,93,3,4,0,0,3,0,1,0,385,90,0,0,1,153
11212.LabEllis31,0,1019,26,2,7,792,97,138,1493,1308,0,37,0,0,25,138,30,156,35,288,47,422,0,0,30,5,6,0,0,2806,0,39,0,1,3567,2,118,0,6,0,289,0,0,0,5,0,0,29,1,3,58,48,9,2,0,0,0,1,4,1,13,3,4,99,57,43,15,1,1,11,2,0,21,2,0,8,10,1,26,0,19,210,16,5,2,0,10,0,2,4,2,8,0,0,39,0,1,15,30,0,3,0,0,1,0,0,0,0,0,0,0,251,26,8,0,0,0,4,4,6,4,0,0,0,0,0,1,0,9,13,2,1,0,0,33,13,13,1,0,1,107,0,0,0,0,0,0,3,0,1,8,1,2,90,0,4,12,0,1,2,1,0,0,0,0,23,38,0,0,1,1,14,2,10,0,0,0,8,187,137,40,3,1,0,0,8,1,3,1,193,0,0,0,0,12
11212.LagAb21,4,371,35,2,20,494,61,2320,2598,1074,0,155,1,30,56,565,932,1838,34,1029,18,224,1,3,51,30,24,0,0,7178,9,40,0,3,5023,3,776,0,3,3,95,0,0,3,2,0,0,24,1,3,313,99,56,0,0,0,19,18,17,0,7,5,22,60,80,89,508,2,5,39,4,0,9,4,0,40,62,7,14,0,35,535,13,11,1,0,16,1,2,0,2,67,1,0,112,0,0,402,33,1,4,37,0,0,0,1,0,1,0,0,0,112,30,12,1,0,0,2,6,11,6,0,0,1,0,2,6,0,10,59,0,8,2,0,71,11,1270,12,0,3,161,0,3,1,2,3,2,1,0,1,2,0,0,41,0,11,36,1,2,3,12,0,0,0,0,372,41,1,0,2,3,2,2,2,3,0,8,7,42,818,26,24,3,0,12,96,0,6,0,270,0,4,0,0,5
11212.LagEllis11,13,538,50,6,30,1235,115,48983,1116,2641,0,230,1,4,121,20,53,22,60,3,20,734,0,2,25,63,32,0,0,5348,1,49,0,1,12299,1,303,0,8,1,488,0,2,0,6,0,0,26,0,2,552,150,69,0,0,0,36,3,32,0,15,14,3,125,138,52,7,1,1,18,2,0,7,2,1,73,22,11,23,0,68,287,22,5,1,0,8,4,6,0,3,24,0,1,253,0,0,19,42,0,3,0,1,2,3,1,0,0,0,0,1,191,43,14,0,0,0,14,1,12,0,0,1,0,0,0,5,1,14,101,0,5,2,0,130,8,56,6,0,5,259,1,6,0,5,2,0,8,0,2,0,2,0,111,0,7,64,3,2,1,0,1,0,0,0,4914,82,2,0,3,2,2,1,0,1,0,0,9,512,20,51,1,5,3,1,4,3,5,0,397,0,0,1,0,7
11212.LagEllis41,4,377,9,3,7,786,69,199,1529,924,0,45,0,11,44,59,8,2,36,6,28,202,0,3,14,20,6,0,0,3918,0,29,0,1,3034,1,81,0,3,1,77,0,0,0,3,0,0,36,2,4,157,67,5,0,0,0,3,22,3,0,7,1,4,58,51,42,32,2,4,17,2,0,21,5,1,8,38,5,10,0,20,273,15,2,1,0,18,0,0,0,3,57,0,0,31,0,0,5,28,0,0,1,0,0,0,0,0,0,0,0,0,103,27,15,0,0,0,3,2,1,5,0,0,1,2,0,1,0,5,13,0,6,2,0,30,7,2,5,0,12,77,0,0,0,0,1,0,4,0,0,6,0,0,36,0,7,11,0,0,0,2,0,0,0,0,5,29,0,1,1,1,7,0,0,1,1,0,11,51,30,19,2,1,0,2,0,0,1,0,106,0,2,0,0,6
11212.Lc2591,9,198,933,0,5,1376,82,156,2942,985,3,26,1,1,36,17737,13,1,49,0,155,429,0,10,8,3,2,0,0,2636,1,73,42,0,256,3,4,0,18,1,66,0,0,0,14,0,12,65,8,0,9,162,54,0,0,0,28,3,1,0,7,0,0,235,165,67,1,5,64,10,14,22,6,96,13,0,29,3,120,0,24,2,441,10,2,874,62,1,1,0,13,11,0,0,33,4,0,3,0,0,45,0,0,0,1,0,0,0,0,0,0,75,61,74,0,0,1,18,0,11,2,2,0,0,0,1,0,3,28,7,0,0,0,0,27,71,22,0,0,4,8,26,1,0,0,4,0,2,1,2,14,0,0,177,0,2,1,0,0,0,0,235,0,11,0,22,40,0,0,1,0,20,0,0,0,1,0,71,57,3,70,2,1,0,0,0,27,6,1,143,40,0,0,3,62
11212.Lc3011,1,1649,34,2,38,575,115,4233,2950,1393,0,85,1,7,103,1713,21,3,76,0,135,1405,0,2,35,9,8,0,0,5876,2,62,69,1,146,1,12,0,37,0,108,2,0,0,29,0,12,147,0,0,4,507,6,0,1,3,42,4,3,0,10,1,3,242,263,58,3,8,63,22,27,61,19,679,16,7,86,3,79,0,30,9,932,21,3,2021,91,2,12,0,50,28,0,0,79,4,0,2,8,3,148,0,0,1,3,0,0,0,1,1,0,1130,73,147,0,4,1,18,0,14,0,2,0,1,0,0,0,14,65,18,0,0,0,3,68,267,1,0,0,3,25,114,16,0,1,12,0,0,16,0,0,0,0,287,0,17,7,0,17,0,0,450,0,7,0,13,42,1,0,0,2,154,2,0,0,0,0,52,117,14,43,5,5,0,1,2,56,0,1,404,33,0,0,9,38
11212.Ptr101,892,1384,5479,84,539,813,737,5414,421274,3130,13,4118,15,72,436,5319,1918,93,557,286,476,4051,1,24,36,328,331,0,5,3582,33,365,1775,4,1275,6,126,0,94,83,674,2,4,168,133,1,23,1403,18,12,6801,513,10595,4,0,0,176,26,238,2,21,112,746,563,6246,30,2226,944,7,274,144,1,90,2306,13,700,103,416,92,0,4492,507,594,64,55,26,290,246,2,1,28,85,3,17,3082,2179,147,23,639,957,27,188,0,2,24,2,108,9,5,0,3,2813,158,678,0,0,0,158,17,625,133,0,1,3,12,0,12,43,694,1172,1,34,6,2,570,210,12858,27,0,41,3696,91,108,1,2,55,3,0,0,23,7,25,2,257,0,15,677,19,7,19,0,0,0,4,0,7938,24,2,0,34,84,5,5,14,1180,66,39,217,292,1181,93,96,9,9,97,9,4,2912,165,433,2789,1,0,169,282
11212.Ptr111,73,2076,213,23,237554,1597,3090,29536,1341,13925,18,411,12,20,493,116,129,26,1466,2,582,9896,0,64,48,46,67,0,2,12915,17,173,535,0,1241,3,8,1,34,3,1311,1,6,0,22,0,18,673,0,0,15867,121,80,0,0,0,229,115,25,0,21,9,1,236,270,37,26,10,11,53,43,0,93,501,13,85,58,12,62,0,251,571,623,43,27,16,45,10,16,16,21,196,0,1,668,1,0,2,101,1310,32,2,0,0,2,0,85,2,11,0,0,3017,982,67,0,0,1,41,8,123,1,8,0,3,7,3,16,0,40,226,0,40,8,1,190,37,5,73,0,84,384,294,8,32,17,4,0,0,0,82,10,8,9,1148,4,2,92,9,145,4,0,12,0,18,0,18,27,1,1,8,5,1,0,0,2,7,0,76,89,117,46,6,4,0,1,2,9,0,2,1314,2,0,0,31,119
11212.Ptr131,152,1499,75,7,5979,1815,1663,7137,2218,4610,0,64,3,17,516,171,33,8,102,194,767,4072,4,2,175,12,7,0,3,4128,5,147,2628,0,615,2,4,0,27,4,6257,1,0,0,118,1,25,38,1,0,1555,69,46,0,0,0,151,198,3,2,16,8,4,325,779,57,16,12,18,142,150,10,62,209,16,17,65,16,52,1,48,983,126,8,52,256,58,3,4,0,16,331,2,0,106,3,6,5,22,156,56,0,0,6,2,0,4,0,13,0,5,566,261,305,1,0,0,69,2,30,5,0,1,9,0,2,3,1,191,25,1,1,0,1,58,33,55,3,0,32,70,29,13,1,3,9,1,6,2,0,3,1,0,192,14,1,23,1,5,7,7,0,1,16,0,170,27,5,4,3,11,2,2,2,9,2,4,54,152,20,33,2,1,0,10,4,13,5,1,345,41,2,1,2,315
11212.PTr141,0,1913,799,27,5,1393,1374,466,2297,3728,25,839,6,3,418,89,228,33,1053,12,254,12465,0,41,33,110,116,0,1,14878,6,111,134,1,1029,1,17,0,58,0,1382,0,6,0,24,0,20,60,0,0,5812,123,17,0,1,0,94,71,84,0,11,42,0,1273,460,26,33,14,13,59,202,6,26,1034,25,260,63,23,50,0,271,501,280,4,50,68,180,17,4,0,20,114,1,3,751,4,0,0,248,634,39,0,0,0,1,0,1,3,12,0,0,1931,144,170,0,0,0,151,9,103,1,0,0,3,0,1,6,1,45,467,0,62,0,0,250,86,58,83,0,124,1226,138,8,1,4,6,0,0,2,53,2,9,1,97,1,4,241,1,1,5,0,0,0,7,0,30,14,1,0,6,14,0,0,0,0,0,2,113,116,88,27,1,8,1,5,0,16,2,0,1931,652,2,0,1,101
11212.PVAbb1,5,93,391,0,18,56,74,100,455,379,0,53,1,0,5,15,4,3,1,2,269,273,0,0,25,2,2,0,0,2411,0,28,0,0,2,24,1,2,10,1,71,0,0,0,32,0,4,15,0,0,8,190,3,0,0,0,0,1,1,0,14,1,3,337,107,14,2,6,7,38,20,2,5,250,10,6,16,9,41,0,15,9,21,18,3,105,36,0,8,0,2,10,0,1,25,0,1,0,8,1,28,0,0,0,0,0,1,0,0,0,1,52,30,71,0,0,0,11,0,16,2,0,0,0,0,0,5,0,96,11,0,0,0,5,117,128,57,0,0,11,22,98,1,0,2,1,0,2,0,1,0,0,0,131,0,2,3,0,1,0,0,0,0,0,0,40,51,1,0,1,17,0,2,0,1,0,0,6,16,4,54,0,10,0,0,2,23,33,2,26,0,0,0,2,1
11212.PVLou1,9,307,594,0,42,43,59,90,548,287,0,91,0,0,11,17,4,1,0,45,326,197,0,1,45,4,1,0,2,2151,0,22,0,1,5,5,2,10,13,9,62,0,0,4,41,0,7,11,0,0,14,284,15,0,0,0,0,1,0,0,12,11,24,217,131,16,1,6,6,29,19,1,26,238,24,2,23,5,32,0,47,7,19,7,8,68,43,3,11,0,6,7,0,1,60,3,15,1,11,1,51,0,0,0,1,0,9,0,0,2,0,53,26,70,0,0,0,13,1,43,22,0,0,0,0,0,10,0,124,11,0,1,2,7,101,101,632,1,0,9,7,209,4,0,2,3,0,7,0,0,0,0,0,105,0,2,4,1,0,0,0,0,0,0,0,617,39,0,0,0,14,0,0,0,0,0,0,10,27,52,38,0,11,0,0,0,48,419,22,39,0,0,1,2,5
11212.PVPam1,0,94,9876,0,14,61,67,106,422,275,0,75,1,3,8,9,17,5,2,1,328,236,0,1,18,7,5,0,0,1219,0,17,0,0,4,17,2,0,11,0,77,0,0,0,25,0,3,30,0,0,6,241,6,0,0,0,0,1,5,0,12,1,4,214,77,10,1,5,5,33,23,1,4,186,7,16,14,5,25,0,22,5,13,12,4,33,39,8,5,0,4,8,1,1,51,1,1,0,11,1,16,0,0,0,0,0,0,0,0,0,0,44,31,46,0,0,2,10,0,12,2,0,0,0,0,2,3,0,78,22,0,1,0,5,81,95,55,1,0,19,65,86,0,0,2,1,0,2,0,2,0,0,0,116,0,0,12,1,2,0,0,0,0,0,0,30,33,1,0,0,7,0,2,0,0,0,0,5,18,6,49,1,6,0,0,2,13,27,1,45,0,0,0,1,1
11212.PVQui1,2,60,1225,0,12,69,39,90,590,193,0,28,1,0,10,1,3,1,2,0,116,253,0,0,34,2,2,0,0,2051,0,18,0,1,4,6,0,2,16,0,49,2,0,0,15,0,3,17,2,0,12,286,6,0,0,0,0,1,1,1,13,0,0,203,192,17,1,7,9,44,9,2,2,270,17,2,25,4,24,0,16,10,33,15,4,65,12,0,18,0,7,8,0,0,20,0,0,0,4,4,23,0,0,0,1,0,0,0,0,0,0,34,30,32,0,0,0,13,0,18,4,0,1,0,0,1,8,0,34,10,0,1,0,10,96,144,0,2,0,10,18,148,2,0,1,3,0,1,0,0,0,0,0,71,0,4,2,1,1,1,0,0,0,0,2,1,27,0,0,5,14,0,1,0,0,0,1,5,19,0,27,0,7,0,2,0,22,0,1,16,0,0,0,0,2
11212.RC20361,5,12445,316,7,10,26487,81916,1473,5484,32746,6,80,98,7,961,8,45,4,371,43,740,39445,8,3,69,35,7,0,0,16965,0,162,2,5,17608,11,80,2,39,147,41704,0,25,0,243,2,27,179,0,10,128,109,25,5,0,3,1,3,3,1,114,1,2,3980,1620,35,67,16,4,59,39,1,113,1974,17,10,18,28,94,0,112,876,363,18,36,5,2039,61,6,0,5,10,2,7,228,14,22,137,9,947,0,5,0,5,17,0,2,3,2,0,0,12209,155,4766,1,0,1,805,11,222,52,1,0,0,0,2,39,195,616,19,1,0,0,1,603,103,0,3,7,405,47,5,56,7,17,4,20,2,0,7,2,2,3,532,0,0,82,3,78,1,1,1,0,4,1,18,118,0,43,6,25,2,1,54,2,0,4,118,128,61,321,36,14,3,11,18,0,0,14,655,9,30,1,1,288
11212.RC20681,9,19249,457,2,56,41943,126570,2028,7932,51960,3,148,143,50,1431,18,108,10,564,50,1303,61826,12,4,126,69,19,1,2,27982,2,235,0,5,29162,4,197,0,67,287,65024,0,38,0,375,7,45,232,4,14,131,141,41,3,1,11,1,3,6,11,179,4,0,6141,2499,58,118,18,8,94,57,2,185,3193,21,24,25,29,130,2,128,1393,730,19,54,4,2924,109,2,0,11,19,6,6,354,8,78,284,31,1290,0,0,0,9,35,6,3,4,4,0,0,20762,266,7581,0,0,3,1195,12,341,116,0,1,0,2,2,35,326,916,35,4,2,2,0,940,213,1,7,5,513,116,4,75,6,14,4,30,1,0,8,5,3,9,835,3,7,129,5,89,1,0,0,0,5,2,31,187,0,80,23,28,3,4,357,1,1,7,76,228,111,557,58,17,13,35,33,0,0,28,978,6,34,0,2,466
11212.RC20711,4,2176,186,2,19,2130,862,2209,2367,1597,2,141,15,19,161,48,99,3,146,0,17,2037,2,4,5,81,19,0,1,520,0,88,1,19,597,19,19,0,7,7,280,0,0,2,53,2,30,149,4,9,123,78,48,4,3,2,3,2,7,1,68,6,1,204,426,37,3,28,4,9,88,1,3,31,28,13,34,42,65,0,297,28,463,4,59,1,15,0,6,0,9,15,0,2,253,69,17,13,41,3,0,1,1,15,1,0,2,3,3,2,1,486,92,44,0,0,1,60,7,39,169,1,2,2,0,1,2,1,56,31,0,6,0,1,36,5,4,5,0,13,117,10,6,24,102,10,14,12,0,7,2,2,0,462,0,2,93,4,10,0,0,7,0,3,1,2,93,0,30,7,3,4,6,32,25,4,2,204,138,22,209,37,10,0,10,3,0,0,8,488,0,8,2,2,30
11212.RC20961,0,1260,86,1,26,1057,517,1848,2028,1074,1,84,12,5,542,8,20,2,55,0,8,831,0,7,3,10,8,2,0,280,2,42,4,10,415,31,10,0,2,1,154,0,0,0,32,2,3,104,0,5,77,45,23,0,2,5,1,1,6,0,25,1,0,133,405,20,2,25,3,6,49,1,2,36,25,12,29,60,47,0,244,15,37,4,23,3,7,0,3,0,5,3,3,1,132,10,1,0,28,1,0,1,1,0,0,0,2,8,0,0,2,265,53,24,0,0,0,71,6,25,14,0,0,1,0,0,6,0,27,30,0,0,0,0,15,1,1,1,0,18,98,10,1,14,67,8,0,9,0,1,2,3,0,216,0,11,14,1,8,1,6,48,0,4,0,0,36,0,2,5,0,1,6,67,1,3,1,294,113,5,137,3,8,0,4,0,0,0,7,344,12,0,1,1,13
11212.RC20981,4,1153,108,2,41,984,543,1788,2285,1221,0,73,20,14,166,11,14,2,112,2,12,806,0,1,7,6,4,0,0,338,0,48,7,12,340,24,18,1,7,0,132,0,0,2,37,2,8,135,1,0,94,65,37,0,3,4,3,2,2,0,49,1,0,114,762,28,2,42,4,7,49,0,1,21,59,10,69,51,35,0,256,21,14,4,34,2,14,0,7,0,9,7,1,2,154,33,2,2,10,1,0,1,2,1,0,0,1,2,0,0,1,265,60,19,0,0,0,62,4,25,8,0,0,0,0,1,9,0,28,16,0,1,2,0,13,1,0,0,0,15,36,8,4,20,65,10,0,20,1,4,2,0,0,211,0,4,15,2,8,0,0,1,0,4,0,1,50,1,0,0,0,0,9,16,1,1,0,636,107,3,143,3,8,0,3,6,0,0,2,450,0,0,3,2,16
11212.RT20131,0,11243,184,3,2,8876,21628,1817,8315,20030,1,35,5,12,1154,13,29,5,172,3,189,34953,6,1,149,33,4,1,5,38074,0,83,24,1,22098,2,135,0,38,61,6013,4,16,0,20,2,73,107,1,5,110,221,18,2,0,4,36,29,1,0,82,0,11,3811,6146,46,9,6,12,63,21,0,17,3014,5,4,30,95,84,0,57,485,1052,6,10,0,578,44,1,0,3,175,3,0,127,1,1,24,4,167,0,0,0,8,20,2,0,0,0,0,1,5881,130,375,0,0,0,408,8,346,43,0,1,2,0,0,18,9,55,12,1,0,0,0,712,215,3,1,0,148,10,2,17,8,15,3,3,1,27,1,0,0,0,522,0,1,29,3,3,0,5,0,0,1,0,136,63,0,0,2,2,0,1,31,3,1,1,130,476,1812,174,13,2,4,5,2,0,0,2,485,1,4,0,1,37
11212.RT20171,2,8414,90,0,6,19867,6314,678,3648,18912,1,47,8,5,333,2,28,2,134,7,297,8520,1,1,51,16,15,1,0,19757,1,63,0,4,10877,0,104,0,28,14,3067,0,6,2,24,5,14,1425,1,7,94,95,39,0,1,5,4,14,2,0,35,1,0,1003,743,22,5,5,10,2,35,1,31,1479,16,10,16,8,43,2,47,265,769,11,28,20,329,12,2,0,5,33,0,1,143,5,2,2,11,218,0,10,1,5,6,0,4,8,7,1,0,8378,73,198,1,0,2,232,0,180,28,0,1,0,0,0,65,17,60,15,1,1,1,0,281,112,0,1,0,53,40,320,16,2,9,20,0,1,0,3,2,1,1,282,0,1,13,4,2,0,0,0,0,0,0,2,64,1,20,34,0,0,2,6,2,1,0,54,215,45,127,1,3,0,9,24,0,0,2,564,5,0,1,0,181
11212.RT20191,36,8018,167,1,6,6309,9498,1018,7669,20295,0,71,2,14,376,7,20,7,205,143,257,8273,0,4,20,13,19,1,0,9442,0,57,27,5,10451,6,60,0,20,118,5090,1,5,0,35,0,26,96,3,0,3,48,99,0,0,10,1,6,7,0,33,4,2,991,319,15,12,5,3,1,61,4,9,789,8,19,19,14,34,0,58,54,140,20,46,2,447,0,2,2,11,25,0,0,132,5,0,130,14,456,0,2,0,0,0,0,0,5,3,0,0,4042,52,272,0,0,0,225,0,92,7,1,0,0,0,0,43,10,94,34,0,0,0,0,289,43,13,0,0,68,83,4,1,4,16,3,1,1,0,2,0,1,0,234,0,10,50,5,2,0,11,4,0,0,0,19,62,2,2,0,0,2,2,1,3,0,1,32,125,49,102,35,5,0,5,2,0,1,1,3263,0,0,0,0,258
11212.RT20211,6,5926,71,0,5,2847,119415,1438,7814,11834,0,57,4,10,6530,13,31,3,304,0,702,11959,0,5,63,11,8,0,0,16821,0,64,11,1,5744,2,26,0,54,1,2291,0,8,0,28,0,100,78,0,3,485,104,38,1,4,5,0,11,4,0,33,1,10,848,6901,15,5,12,6,149,64,1,26,877,14,10,42,13,50,0,94,142,60,17,49,1,620,9,2,0,19,37,0,0,150,2,2,2,21,2924,0,0,0,0,1,0,1,1,4,0,0,1958,45,214,0,1,0,189,0,107,18,0,0,1,0,1,907,11,301,28,0,4,0,1,767,54,0,3,0,85,71,2,25,3,14,2,0,0,0,5,0,1,2,331,0,3,20,5,2,0,1,1,1,1,0,4,52,2,1,0,6,0,0,1,2,0,1,118,353,49,103,16,4,2,2,6,0,0,3,742,10,0,0,2,138
11212.RT20481,7,4111,125,0,7,16702,2445,1144,2906,9023,0,99,3,2,1389,75,51,15,280,53,174,10893,2,2,17,21,23,1,0,8784,2,58,35,9,6685,3,55,0,50,280,616,0,14,1,23,0,17,199,0,8,172,70,18,0,0,0,1,2,8,1,20,5,18,817,693,15,9,32,2,53,72,4,6,586,70,26,43,14,34,0,80,17,17600,37,83,52,557,14,4,0,24,10,0,5,182,2,11,942,29,510,0,0,0,0,2,0,2,5,12,0,0,623,41,413,0,0,0,245,4,106,15,1,0,0,2,1,59,4,210,38,1,1,0,0,220,37,13,0,0,35,134,555,54,1,11,2,1,1,0,3,3,9,0,209,0,2,66,1,4,1,0,0,0,6,0,5,69,5,7,5,2,0,1,10,486,0,0,33,427,332,92,42,7,1,4,5,0,3,6,629,758,0,0,5,435
